percentile,error_m
P50,8.8670739254841
P75,78.13366634908363
P90,191.9837568347236
P95,271.297670002037
P99,372.45791214541947
