{"train": [[0, 61761.7685546875], [1, 22477.603515625], [2, 24747.33251953125], [3, 16946.123046875], [4, 19619.78564453125], [5, 16694.32666015625]], "val": [[0, 43928.7109375], [5, 13824.60400390625]]}