{"train": [[0, 61761.7685546875], [1, 22477.603515625], [2, 24747.33251953125], [3, 16946.123046875], [4, 19619.78564453125], [5, 16694.32666015625], [6, 14036.1611328125], [7, 6890.2490234375], [8, 10619.2060546875], [9, 11178.4267578125], [10, 11639.943359375], [11, 13220.2578125], [12, 13655.2109375], [13, 11323.8876953125], [14, 10075.1376953125], [15, 10344.333984375], [16, 15331.8037109375]], "val": [[0, 43928.7109375], [6, 13991.0400390625], [10, 14890.68974609375], [15, 14106.287109375]]}