{"train": [[0, 21700.44921875], [1, 29049.177734375]], "val": [[0, 75605.7203125]]}