{"train": [[0, 18376.36613384046], [1, 14596.859529194078], [2, 13126.775287828947], [3, 12251.721062911185], [4, 11641.430021587172], [5, 11057.063245271382], [6, 11003.731008429277], [7, 10516.128315172697], [8, 10263.724635074013], [9, 9758.667197779605], [10, 9507.650853207237], [11, 9299.790912828947], [12, 9103.570697985197], [13, 8753.417249177632], [14, 8389.25199167352], [15, 8053.569143194902], [16, 8030.48873098273], [17, 7555.1412931743425], [18, 7492.709318462171], [19, 7298.197946648848], [20, 7088.155890213816], [21, 7042.500783819902], [22, 6860.359246504934]], "val": [[0, 11039.86943359375], [2, 8834.63330078125], [4, 8577.29091796875], [6, 8699.667431640624], [8, 8855.912890625], [10, 9576.903125], [12, 9938.302734375], [14, 11138.53388671875], [16, 9819.8865234375], [18, 12445.65693359375], [20, 8905.79443359375], [22, 15641.14833984375]]}