{"train": [[0, 0.0957081423237406, 0.01434963740163555, 1.4316502463054188]], "val": [[0, 0.24592314121570993, 0.018747907599598258, 1.8617021276595744]]}