{"train": [[0, 0.08574484745712624, 0.9971803754128736, 57.251326610132594]], "val": [[0, 0.08145014909987754, 1.0, 57.92208326623795]]}{"train": [[0, 0.08574484745712624, 0.9971803754128736, 57.251326610132594], [1, 0.07747651156537312, 1.0, 59.83085014893837]], "val": [[0, 0.08145014909987754, 1.0, 57.92208326623795], [1, 0.08456435989826283, 1.0, 58.42593570465737]]}