{"train": [[0, 0.7037466168403625, 0.0, 0.0]], "val": [[0, 0.639676570892334, 0.8, 17.303911209106445]]}{"train": [[0, 0.7037466168403625, 0.0, 0.0], [1, 0.6165124773979187, 1.0, 39.83116912841797]], "val": [[0, 0.639676570892334, 0.8, 17.303911209106445], [1, 0.5664566159248352, 1.0, 46.03496551513672]]}{"train": [[0, 0.7037466168403625, 0.0, 0.0], [1, 0.6165124773979187, 1.0, 39.83116912841797], [2, 0.5114783048629761, 1.0, 53.95664596557617]], "val": [[0, 0.639676570892334, 0.8, 17.303911209106445], [1, 0.5664566159248352, 1.0, 46.03496551513672], [2, 0.4579553008079529, 1.0, 46.88970947265625]]}{"train": [[0, 0.7037466168403625, 0.0, 0.0], [1, 0.6165124773979187, 1.0, 39.83116912841797], [2, 0.5114783048629761, 1.0, 53.95664596557617], [3, 0.3760976195335388, 1.0, 56.17502212524414]], "val": [[0, 0.639676570892334, 0.8, 17.303911209106445], [1, 0.5664566159248352, 1.0, 46.03496551513672], [2, 0.4579553008079529, 1.0, 46.88970947265625], [3, 0.3310326039791107, 1.0, 55.58041763305664]]}{"train": [[0, 0.7037466168403625, 0.0, 0.0], [1, 0.6165124773979187, 1.0, 39.83116912841797], [2, 0.5114783048629761, 1.0, 53.95664596557617], [3, 0.3760976195335388, 1.0, 56.17502212524414], [4, 0.23667296767234802, 1.0, 63.556640625]], "val": [[0, 0.639676570892334, 0.8, 17.303911209106445], [1, 0.5664566159248352, 1.0, 46.03496551513672], [2, 0.4579553008079529, 1.0, 46.88970947265625], [3, 0.3310326039791107, 1.0, 55.58041763305664], [4, 0.2175845205783844, 1.0, 55.85314178466797]]}{"train": [[0, 0.7037466168403625, 0.0, 0.0], [1, 0.6165124773979187, 1.0, 39.83116912841797], [2, 0.5114783048629761, 1.0, 53.95664596557617], [3, 0.3760976195335388, 1.0, 56.17502212524414], [4, 0.23667296767234802, 1.0, 63.556640625], [5, 0.14315392076969147, 1.0, 62.13006591796875]], "val": [[0, 0.639676570892334, 0.8, 17.303911209106445], [1, 0.5664566159248352, 1.0, 46.03496551513672], [2, 0.4579553008079529, 1.0, 46.88970947265625], [3, 0.3310326039791107, 1.0, 55.58041763305664], [4, 0.2175845205783844, 1.0, 55.85314178466797], [5, 0.1440068781375885, 1.0, 55.85314178466797]]}{"train": [[0, 0.7037466168403625, 0.0, 0.0], [1, 0.6165124773979187, 1.0, 39.83116912841797], [2, 0.5114783048629761, 1.0, 53.95664596557617], [3, 0.3760976195335388, 1.0, 56.17502212524414], [4, 0.23667296767234802, 1.0, 63.556640625], [5, 0.14315392076969147, 1.0, 62.13006591796875], [6, 0.0912957638502121, 1.0, 65.26433563232422]], "val": [[0, 0.639676570892334, 0.8, 17.303911209106445], [1, 0.5664566159248352, 1.0, 46.03496551513672], [2, 0.4579553008079529, 1.0, 46.88970947265625], [3, 0.3310326039791107, 1.0, 55.58041763305664], [4, 0.2175845205783844, 1.0, 55.85314178466797], [5, 0.1440068781375885, 1.0, 55.85314178466797], [6, 0.10632938891649246, 1.0, 55.03496551513672]]}{"train": [[0, 0.7037466168403625, 0.0, 0.0], [1, 0.6165124773979187, 1.0, 39.83116912841797], [2, 0.5114783048629761, 1.0, 53.95664596557617], [3, 0.3760976195335388, 1.0, 56.17502212524414], [4, 0.23667296767234802, 1.0, 63.556640625], [5, 0.14315392076969147, 1.0, 62.13006591796875], [6, 0.0912957638502121, 1.0, 65.26433563232422], [7, 0.07678007334470749, 1.0, 68.02117156982422]], "val": [[0, 0.639676570892334, 0.8, 17.303911209106445], [1, 0.5664566159248352, 1.0, 46.03496551513672], [2, 0.4579553008079529, 1.0, 46.88970947265625], [3, 0.3310326039791107, 1.0, 55.58041763305664], [4, 0.2175845205783844, 1.0, 55.85314178466797], [5, 0.1440068781375885, 1.0, 55.85314178466797], [6, 0.10632938891649246, 1.0, 55.03496551513672], [7, 0.09437012672424316, 1.0, 52.72727584838867]]}{"train": [[0, 0.7037466168403625, 0.0, 0.0], [1, 0.6165124773979187, 1.0, 39.83116912841797], [2, 0.5114783048629761, 1.0, 53.95664596557617], [3, 0.3760976195335388, 1.0, 56.17502212524414], [4, 0.23667296767234802, 1.0, 63.556640625], [5, 0.14315392076969147, 1.0, 62.13006591796875], [6, 0.0912957638502121, 1.0, 65.26433563232422], [7, 0.07678007334470749, 1.0, 68.02117156982422], [8, 0.08351923525333405, 1.0, 55.44615173339844]], "val": [[0, 0.639676570892334, 0.8, 17.303911209106445], [1, 0.5664566159248352, 1.0, 46.03496551513672], [2, 0.4579553008079529, 1.0, 46.88970947265625], [3, 0.3310326039791107, 1.0, 55.58041763305664], [4, 0.2175845205783844, 1.0, 55.85314178466797], [5, 0.1440068781375885, 1.0, 55.85314178466797], [6, 0.10632938891649246, 1.0, 55.03496551513672], [7, 0.09437012672424316, 1.0, 52.72727584838867], [8, 0.0931224599480629, 1.0, 51.801795959472656]]}{"train": [[0, 0.7037466168403625, 0.0, 0.0], [1, 0.6165124773979187, 1.0, 39.83116912841797], [2, 0.5114783048629761, 1.0, 53.95664596557617], [3, 0.3760976195335388, 1.0, 56.17502212524414], [4, 0.23667296767234802, 1.0, 63.556640625], [5, 0.14315392076969147, 1.0, 62.13006591796875], [6, 0.0912957638502121, 1.0, 65.26433563232422], [7, 0.07678007334470749, 1.0, 68.02117156982422], [8, 0.08351923525333405, 1.0, 55.44615173339844], [9, 0.07786945253610611, 1.0, 59.55184555053711]], "val": [[0, 0.639676570892334, 0.8, 17.303911209106445], [1, 0.5664566159248352, 1.0, 46.03496551513672], [2, 0.4579553008079529, 1.0, 46.88970947265625], [3, 0.3310326039791107, 1.0, 55.58041763305664], [4, 0.2175845205783844, 1.0, 55.85314178466797], [5, 0.1440068781375885, 1.0, 55.85314178466797], [6, 0.10632938891649246, 1.0, 55.03496551513672], [7, 0.09437012672424316, 1.0, 52.72727584838867], [8, 0.0931224599480629, 1.0, 51.801795959472656], [9, 0.09603473544120789, 1.0, 55.25973892211914]]}{"train": [[0, 0.08903646603533902, 0.999516635785064, 59.4636578510717]], "val": [[0, 0.08044988551038376, 1.0, 59.42417128542636]]}{"train": [[0, 0.08903646603533902, 0.999516635785064, 59.4636578510717], [1, 0.07257891125669799, 1.0, 64.94373535864132]], "val": [[0, 0.08044988551038376, 1.0, 59.42417128542636], [1, 0.08075707247282596, 1.0, 61.49397716116398]]}{"train": [[0, 0.08903646603533902, 0.999516635785064, 59.4636578510717], [1, 0.07257891125669799, 1.0, 64.94373535864132], [2, 0.06578272022306919, 1.0, 69.88579077573166]], "val": [[0, 0.08044988551038376, 1.0, 59.42417128542636], [1, 0.08075707247282596, 1.0, 61.49397716116398], [2, 0.07713070955682308, 1.0, 63.315282699909616]]}{"train": [[0, 0.08903646603533902, 0.999516635785064, 59.4636578510717], [1, 0.07257891125669799, 1.0, 64.94373535864132], [2, 0.06578272022306919, 1.0, 69.88579077573166], [3, 0.05990457749858345, 1.0, 73.94553355580753]], "val": [[0, 0.08044988551038376, 1.0, 59.42417128542636], [1, 0.08075707247282596, 1.0, 61.49397716116398], [2, 0.07713070955682308, 1.0, 63.315282699909616], [3, 0.0749159074844198, 1.0, 67.98319739483773]]}{"train": [[0, 0.08903646603533902, 0.999516635785064, 59.4636578510717], [1, 0.07257891125669799, 1.0, 64.94373535864132], [2, 0.06578272022306919, 1.0, 69.88579077573166], [3, 0.05990457749858345, 1.0, 73.94553355580753], [4, 0.05385415993400456, 1.0, 76.87215714602127]], "val": [[0, 0.08044988551038376, 1.0, 59.42417128542636], [1, 0.08075707247282596, 1.0, 61.49397716116398], [2, 0.07713070955682308, 1.0, 63.315282699909616], [3, 0.0749159074844198, 1.0, 67.98319739483773], [4, 0.06813765729361392, 1.0, 70.43295620857401]]}{"train": [[0, 0.08903646603533902, 0.999516635785064, 59.4636578510717], [1, 0.07257891125669799, 1.0, 64.94373535864132], [2, 0.06578272022306919, 1.0, 69.88579077573166], [3, 0.05990457749858345, 1.0, 73.94553355580753], [4, 0.05385415993400456, 1.0, 76.87215714602127], [5, 0.05001478056548182, 1.0, 79.2246502355202]],