{"train": [[0, 0.705583107471466, 0.0]], "val": [[0, 0.7017691642680066, 0.0]]}{"train": [[0, 0.705583107471466, 0.0], [1, 0.6951630115509033, 0.0]], "val": [[0, 0.7017691642680066, 0.0], [1, 0.6938940946091997, 0.0]]}{"train": [[0, 0.705583107471466, 0.0], [1, 0.6951630115509033, 0.0], [2, 0.693524956703186, 0.0]], "val": [[0, 0.7017691642680066, 0.0], [1, 0.6938940946091997, 0.0], [2, 0.6932490810434869, 0.0]]}