{"train": [[0, 0.12123570973162737, 0.6638636012960962, 23.945611099487905]], "val": [[0, 0.10727372276472216, 0.7877469032474054, 32.808549455142916]]}{"train": [[0, 0.12123570973162737, 0.6638636012960962, 23.945611099487905], [1, 0.08476126920213528, 0.9094275574756981, 44.81199377131712]], "val": [[0, 0.10727372276472216, 0.7877469032474054, 32.808549455142916], [1, 0.102403101725454, 0.8155339805825242, 39.493678424447616]]}{"train": [[0, 0.12123570973162737, 0.6638636012960962, 23.945611099487905], [1, 0.08476126920213528, 0.9094275574756981, 44.81199377131712], [2, 0.07211230405681594, 0.9489276346242864, 53.513853262560666]], "val": [[0, 0.10727372276472216, 0.7877469032474054, 32.808549455142916], [1, 0.102403101725454, 0.8155339805825242, 39.493678424447616], [2, 0.09506122092591887, 0.8600602611315702, 44.93994799782248]]}