{"train": [[0, 0.09029848266815402, 0.9943607508257472, 57.90246136901305]], "val": [[0, 0.0780403732936433, 1.0, 60.272112744919795]]}{"train": [[0, 0.09029848266815402, 0.9943607508257472, 57.90246136901305], [1, 0.07446399983978763, 1.0, 62.88980271644199]], "val": [[0, 0.0780403732936433, 1.0, 60.272112744919795], [1, 0.07752387653639976, 1.0, 60.92127073572037]]}{"train": [[0, 0.09029848266815402, 0.9943607508257472, 57.90246136901305], [1, 0.07446399983978763, 1.0, 62.88980271644199], [2, 0.07045248563679837, 1.0, 65.9256135802908]], "val": [[0, 0.0780403732936433, 1.0, 60.272112744919795], [1, 0.07752387653639976, 1.0, 60.92127073572037], [2, 0.07820258765144551, 1.0, 63.09477022860913]]}{"train": [[0, 0.09029848266815402, 0.9943607508257472, 57.90246136901305], [1, 0.07446399983978763, 1.0, 62.88980271644199], [2, 0.07045248563679837, 1.0, 65.9256135802908], [3, 0.06520022436515573, 1.0, 70.30772708617535]], "val": [[0, 0.0780403732936433, 1.0, 60.272112744919795], [1, 0.07752387653639976, 1.0, 60.92127073572037], [2, 0.07820258765144551, 1.0, 63.09477022860913], [3, 0.07502566071900915, 1.0, 64.35467561762384]]}{"train": [[0, 0.09029848266815402, 0.9943607508257472, 57.90246136901305], [1, 0.07446399983978763, 1.0, 62.88980271644199], [2, 0.07045248563679837, 1.0, 65.9256135802908], [3, 0.06520022436515573, 1.0, 70.30772708617535], [4, 0.059911176754334536, 1.0, 73.72646489094213]], "val": [[0, 0.0780403732936433, 1.0, 60.272112744919795], [1, 0.07752387653639976, 1.0, 60.92127073572037], [2, 0.07820258765144551, 1.0, 63.09477022860913], [3, 0.07502566071900915, 1.0, 64.35467561762384], [4, 0.07660262857345825, 1.0, 63.93906159096576]]}{"train": [[0, 0.09029848266815402, 0.9943607508257472, 57.90246136901305], [1, 0.07446399983978763, 1.0, 62.88980271644199], [2, 0.07045248563679837, 1.0, 65.9256135802908], [3, 0.06520022436515573, 1.0, 70.30772708617535], [4, 0.059911176754334536, 1.0, 73.72646489094213], [5, 0.05584957318130842, 1.0, 76.56809651482966]], "val": [[0, 0.0780403732936433, 1.0, 60.272112744919795], [1, 0.07752387653639976, 1.0, 60.92127073572037], [2, 0.07820258765144551, 1.0, 63.09477022860913], [3, 0.07502566071900915, 1.0, 64.35467561762384], [4, 0.07660262857345825, 1.0, 63.93906159096576], [5, 0.08108828945996914, 1.0, 62.20122349515874]]}{"train": [[0, 0.09029848266815402, 0.9943607508257472, 57.90246136901305], [1, 0.07446399983978763, 1.0, 62.88980271644199], [2, 0.07045248563679837, 1.0, 65.9256135802908], [3, 0.06520022436515573, 1.0, 70.30772708617535], [4, 0.059911176754334536, 1.0, 73.72646489094213], [5, 0.05584957318130842, 1.0, 76.56809651482966], [6, 0.05093009132392628, 1.0, 79.00810198439765]], "val": [[0, 0.0780403732936433, 1.0, 60.272112744919795], [1, 0.07752387653639976, 1.0, 60.92127073572037], [2, 0.07820258765144551, 1.0, 63.09477022860913], [3, 0.07502566071900915, 1.0, 64.35467561762384], [4, 0.07660262857345825, 1.0, 63.93906159096576], [5, 0.08108828945996914, 1.0, 62.20122349515874], [6, 0.0802692231979776, 1.0, 60.42753950078437]]}{"train": [[0, 0.09029848266815402, 0.9943607508257472, 57.90246136901305], [1, 0.07446399983978763, 1.0, 62.88980271644199], [2, 0.07045248563679837, 1.0, 65.9256135802908], [3, 0.06520022436515573, 1.0, 70.30772708617535], [4, 0.059911176754334536, 1.0, 73.72646489094213], [5, 0.05584957318130842, 1.0, 76.56809651482966], [6, 0.05093009132392628, 1.0, 79.00810198439765], [7, 0.04665780397727318, 1.0, 81.39933167290442]], "val": [[0, 0.0780403732936433, 1.0, 60.272112744919795], [1, 0.07752387653639976, 1.0, 60.92127073572037], [2, 0.07820258765144551, 1.0, 63.09477022860913], [3, 0.07502566071900915, 1.0, 64.35467561762384], [4, 0.07660262857345825, 1.0, 63.93906159096576], [5, 0.08108828945996914, 1.0, 62.20122349515874], [6, 0.0802692231979776, 1.0, 60.42753950078437], [7, 0.08378529199894438, 1.0, 63.83519460799846]]}{"train": [[0, 0.09029848266815402, 0.9943607508257472, 57.90246136901305], [1, 0.07446399983978763, 1.0, 62.88980271644199], [2, 0.07045248563679837, 1.0, 65.9256135802908], [3, 0.06520022436515573, 1.0, 70.30772708617535], [4, 0.059911176754334536, 1.0, 73.72646489094213], [5, 0.05584957318130842, 1.0, 76.56809651482966], [6, 0.05093009132392628, 1.0, 79.00810198439765], [7, 0.04665780397727318, 1.0, 81.39933167290442], [8, 0.04183800235275448, 1.0, 83.7474816312495]], "val": [[0, 0.0780403732936433, 1.0, 60.272112744919795], [1, 0.07752387653639976, 1.0, 60.92127073572037], [2, 0.07820258765144551, 1.0, 63.09477022860913], [3, 0.07502566071900915, 1.0, 64.35467561762384], [4, 0.07660262857345825, 1.0, 63.93906159096576], [5, 0.08108828945996914, 1.0, 62.20122349515874], [6, 0.0802692231979776, 1.0, 60.42753950078437], [7, 0.08378529199894438, 1.0, 63.83519460799846], [8, 0.07814173511368164, 1.0, 65.42349713913937]]}{"train": [[0, 0.09029848266815402, 0.9943607508257472, 57.90246136901305], [1, 0.07446399983978763, 1.0, 62.88980271644199], [2, 0.07045248563679837, 1.0, 65.9256135802908], [3, 0.06520022436515573, 1.0, 70.30772708617535], [4, 0.059911176754334536, 1.0, 73.72646489094213], [5, 0.05584957318130842, 1.0, 76.56809651482966], [6, 0.05093009132392628, 1.0, 79.00810198439765], [7, 0.04665780397727318, 1.0, 81.39933167290442], [8, 0.04183800235275448, 1.0, 83.7474816312495], [9, 0.03733709428613026, 1.0, 85.96626655342652]], "val": [[0, 0.0780403732936433, 1.0, 60.272112744919795], [1, 0.07752387653639976, 1.0, 60.92127073572037], [2, 0.07820258765144551, 1.0, 63.09477022860913], [3, 0.07502566071900915, 1.0, 64.35467561762384], [4, 0.07660262857345825, 1.0, 63.93906159096576], [5, 0.08108828945996914, 1.0, 62.20122349515874], [6, 0.0802692231979776, 1.0, 60.42753950078437], [7, 0.08378529199894438, 1.0, 63.83519460799846], [8, 0.07814173511368164, 1.0, 65.42349713913937], [9, 0.07538483276012097, 1.0, 67.5394987552724]]}{"train": [[0, 0.09029848266815402, 0.9943607508257472, 57.90246136901305], [1, 0.07446399983978763, 1.0, 62.88980271644199], [2, 0.07045248563679837, 1.0, 65.9256135802908], [3, 0.06520022436515573, 1.0, 70.30772708617535], [4, 0.059911176754334536, 1.0, 73.72646489094213], [5, 0.05584957318130842, 1.0, 76.56809651482966], [6, 0.05093009132392628, 1.0, 79.00810198439765], [7, 0.04665780397727318, 1.0, 81.39933167290442], [8, 0.04183800235275448, 1.0, 83.7474816312495], [9, 0.03733709428613026, 1.0, 85.96626655342652], [10, 0.03293637098917335, 1.0, 87.84521543365165]], "val": [[0, 0.0780403732936433, 1.0, 60.272112744919795], [1, 0.07752387653639976, 1.0, 60.92127073572037], [2, 0.07820258765144551, 1.0, 63.09477022860913], [3, 0.07502566071900915, 1.0, 64.35467561762384], [4, 0.07660262857345825, 1.0, 63.93906159096576], [5, 0.08108828945996914, 1.0, 62.20122349515874], [6, 0.0802692231979776, 1.0, 60.42753950078437], [7, 0.08378529199894438, 1.0, 63.83519460799846], [8, 0.07814173511368164, 1.0, 65.42349713913937], [9, 0.07538483276012097, 1.0, 67.5394987552724], [10, 0.0802487518559111, 1.0, 67.57271868117313]]}{"train": [[0, 0.09029848266815402, 0.9943607508257472, 57.90246136901305], [1, 0.07446399983978763, 1.0, 62.88980271644199], [2, 0.07045248563679837, 1.0, 65.9256135802908], [3, 0.06520022436515573, 1.0, 70.30772708617535], [4, 0.059911176754334536, 1.0, 73.72646489094213], [5, 0.05584957318130842, 1.0, 76.56809651482966], [6, 0.05093009132392628, 1.0, 79.00810198439765], [7, 0.04665780397727318, 1.0, 81.39933167290442], [8, 0.04183800235275448, 1.0, 83.7474816312495], [9, 0.03733709428613026, 1.0, 85.96626655342652], [10, 0.03293637098917335, 1.0, 87.84521543365165], [11, 0.028893201650341146, 1.0, 89.7687955640026]],