{"train": [[0, 52844.708333333336, 0.0, 0.012276987846081073, 10.32238018329327]], "val": [[0, 139142.86631016043, 0.0013391362571141614, 0.008336432769540405, 11.065163887261466]]}{"train": [[0, 52844.708333333336, 0.0, 0.012276987846081073, 10.32238018329327], [1, 25666.684027777777, 0.011538461538461539, 0.032497237278864936, 9.424746469350962]], "val": [[0, 139142.86631016043, 0.0013391362571141614, 0.008336432769540405, 11.065163887261466], [1, 88874.66310160428, 0.0, 0.0018701757680703295, 17.617112958235687]]}{"train": [[0, 52844.708333333336, 0.0, 0.012276987846081073, 10.32238018329327], [1, 25666.684027777777, 0.011538461538461539, 0.032497237278864936, 9.424746469350962], [2, 18267.807291666668, 0.06923076923076923, 0.09621034768911509, 8.03863994891827]], "val": [[0, 139142.86631016043, 0.0013391362571141614, 0.008336432769540405, 11.065163887261466], [1, 88874.66310160428, 0.0, 0.0018701757680703295, 17.617112958235687], [2, 58147.25668449198, 0.0006695681285570807, 0.006899384459325371, 13.35210390860395]]}