{"train": [[0, 0.05843282772659374, 0.0182842153988582, 1.8241995073891626]], "val": [[0, 0.059739339898558376, 0.027452293270840308, 2.789530946853313]]}