{"train": [[0, 0.4135601193098872, 0.12891529085017744, 12.885564466378778]], "val": [[0, 0.3802974185841606, 0.18513558754603282, 18.482620320855617]]}{"train": [[0, 0.4135601193098872, 0.12891529085017744, 12.885564466378778], [1, 0.3436359862057535, 0.2691714241629378, 26.950956199876618]], "val": [[0, 0.3802974185841606, 0.18513558754603282, 18.482620320855617], [1, 0.3822699374056117, 0.21727485771677268, 21.691176470588236]]}{"train": [[0, 0.4135601193098872, 0.12891529085017744, 12.885564466378778], [1, 0.3436359862057535, 0.2691714241629378, 26.950956199876618], [2, 0.3246989076811174, 0.34848017281283755, 34.831893892658854]], "val": [[0, 0.3802974185841606, 0.18513558754603282, 18.482620320855617], [1, 0.3822699374056117, 0.21727485771677268, 21.691176470588236], [2, 0.36371465497475897, 0.27854034147974555, 27.863190737637606]]}{"train": [[0, 0.4135601193098872, 0.12891529085017744, 12.885564466378778], [1, 0.3436359862057535, 0.2691714241629378, 26.950956199876618], [2, 0.3246989076811174, 0.34848017281283755, 34.831893892658854], [3, 0.31392391845078327, 0.4051843851257522, 40.54595928439235]], "val": [[0, 0.3802974185841606, 0.18513558754603282, 18.482620320855617], [1, 0.3822699374056117, 0.21727485771677268, 21.691176470588236], [2, 0.36371465497475897, 0.27854034147974555, 27.863190737637606], [3, 0.36682168438154106, 0.3103448275862069, 31.094028534098744]]}{"train": [[0, 0.4135601193098872, 0.12891529085017744, 12.885564466378778], [1, 0.3436359862057535, 0.2691714241629378, 26.950956199876618], [2, 0.3246989076811174, 0.34848017281283755, 34.831893892658854], [3, 0.31392391845078327, 0.4051843851257522, 40.54595928439235], [4, 0.30898377591632603, 0.4423700046289153, 44.26280074028377]], "val": [[0, 0.3802974185841606, 0.18513558754603282, 18.482620320855617], [1, 0.3822699374056117, 0.21727485771677268, 21.691176470588236], [2, 0.36371465497475897, 0.27854034147974555, 27.863190737637606], [3, 0.36682168438154106, 0.3103448275862069, 31.094028534098744], [4, 0.34736292916823197, 0.3394710411784399, 34.00178254479393]]}{"train": [[0, 0.4135601193098872, 0.12891529085017744, 12.885564466378778], [1, 0.3436359862057535, 0.2691714241629378, 26.950956199876618], [2, 0.3246989076811174, 0.34848017281283755, 34.831893892658854], [3, 0.31392391845078327, 0.4051843851257522, 40.54595928439235], [4, 0.30898377591632603, 0.4423700046289153, 44.26280074028377], [5, 0.30415603277640607, 0.47947847554389755, 47.948797038864896]], "val": [[0, 0.3802974185841606, 0.18513558754603282, 18.482620320855617], [1, 0.3822699374056117, 0.21727485771677268, 21.691176470588236], [2, 0.36371465497475897, 0.27854034147974555, 27.863190737637606], [3, 0.36682168438154106, 0.3103448275862069, 31.094028534098744], [4, 0.34736292916823197, 0.3394710411784399, 34.00178254479393], [5, 0.34650304873678134, 0.35855373284231673, 35.90686275869767]]}