{"train": [[0, 0.23917037174243364, 0.49051072365375714, 17.948115362036912]], "val": [[0, 0.2376145989894867, 0.47706729159691996, 19.219170364379885]]}