{"train": [[0, 0.018052061071865293, 0.6316154914365067, 63.155459592843926]], "val": [[0, 0.015068961320479805, 0.6993639102778708, 69.93092692982067]]}