{"train": [[0, 0.018052061071865293, 0.6316154914365067, 63.155459592843926]], "val": [[0, 0.015068961320479805, 0.6993639102778708, 69.93092692982067]]}{"train": [[0, 0.018052061071865293, 0.6316154914365067, 63.155459592843926], [1, 0.010875390476074913, 0.8040425860206758, 80.41332510795804]], "val": [[0, 0.015068961320479805, 0.6993639102778708, 69.93092692982067], [1, 0.013248365595289332, 0.7546032808838299, 75.50133689839572]]}{"train": [[0, 0.018052061071865293, 0.6316154914365067, 63.155459592843926], [1, 0.010875390476074913, 0.8040425860206758, 80.41332510795804], [2, 0.008871247454118075, 0.8443912976392532, 84.44632942628007]], "val": [[0, 0.015068961320479805, 0.6993639102778708, 69.93092692982067], [1, 0.013248365595289332, 0.7546032808838299, 75.50133689839572], [2, 0.014255678176600985, 0.7626380984265149, 76.30347593582887]]}{"train": [[0, 0.018052061071865293, 0.6316154914365067, 63.155459592843926], [1, 0.010875390476074913, 0.8040425860206758, 80.41332510795804], [2, 0.008871247454118075, 0.8443912976392532, 84.44632942628007], [3, 0.007939081898669815, 0.8627526616262923, 86.25848241826033]], "val": [[0, 0.015068961320479805, 0.6993639102778708, 69.93092692982067], [1, 0.013248365595289332, 0.7546032808838299, 75.50133689839572], [2, 0.014255678176600985, 0.7626380984265149, 76.30347593582887], [3, 0.013597454753689429, 0.7736859725477068, 77.40641711229947]]}{"train": [[0, 0.018052061071865293, 0.6316154914365067, 63.155459592843926], [1, 0.010875390476074913, 0.8040425860206758, 80.41332510795804], [2, 0.008871247454118075, 0.8443912976392532, 84.44632942628007], [3, 0.007939081898669815, 0.8627526616262923, 86.25848241826033], [4, 0.0071893582805097195, 0.8822712544360438, 88.23257248611968]], "val": [[0, 0.015068961320479805, 0.6993639102778708, 69.93092692982067], [1, 0.013248365595289332, 0.7546032808838299, 75.50133689839572], [2, 0.014255678176600985, 0.7626380984265149, 76.30347593582887], [3, 0.013597454753689429, 0.7736859725477068, 77.40641711229947], [4, 0.012954162904073828, 0.7961165048543689, 79.64572192513369]]}{"train": [[0, 0.018052061071865293, 0.6316154914365067, 63.155459592843926], [1, 0.010875390476074913, 0.8040425860206758, 80.41332510795804], [2, 0.008871247454118075, 0.8443912976392532, 84.44632942628007], [3, 0.007939081898669815, 0.8627526616262923, 86.25848241826033], [4, 0.0071893582805097195, 0.8822712544360438, 88.23257248611968], [5, 0.006315396005785602, 0.8950007714858819, 89.50493522516965]], "val": [[0, 0.015068961320479805, 0.6993639102778708, 69.93092692982067], [1, 0.013248365595289332, 0.7546032808838299, 75.50133689839572], [2, 0.014255678176600985, 0.7626380984265149, 76.30347593582887], [3, 0.013597454753689429, 0.7736859725477068, 77.40641711229947], [4, 0.012954162904073828, 0.7961165048543689, 79.64572192513369], [5, 0.013670732144404571, 0.796786072982926, 79.71256684491979]]}{"train": [[0, 0.018052061071865293, 0.6316154914365067, 63.155459592843926], [1, 0.010875390476074913, 0.8040425860206758, 80.41332510795804], [2, 0.008871247454118075, 0.8443912976392532, 84.44632942628007], [3, 0.007939081898669815, 0.8627526616262923, 86.25848241826033], [4, 0.0071893582805097195, 0.8822712544360438, 88.23257248611968], [5, 0.006315396005785602, 0.8950007714858819, 89.50493522516965], [6, 0.005798652081959752, 0.9048757907730288, 90.49198025909932]], "val": [[0, 0.015068961320479805, 0.6993639102778708, 69.93092692982067], [1, 0.013248365595289332, 0.7546032808838299, 75.50133689839572], [2, 0.014255678176600985, 0.7626380984265149, 76.30347593582887], [3, 0.013597454753689429, 0.7736859725477068, 77.40641711229947], [4, 0.012954162904073828, 0.7961165048543689, 79.64572192513369], [5, 0.013670732144404571, 0.796786072982926, 79.71256684491979], [6, 0.012667500043775324, 0.8018078339471041, 80.21390374331551]]}{"train": [[0, 0.018052061071865293, 0.6316154914365067, 63.155459592843926], [1, 0.010875390476074913, 0.8040425860206758, 80.41332510795804], [2, 0.008871247454118075, 0.8443912976392532, 84.44632942628007], [3, 0.007939081898669815, 0.8627526616262923, 86.25848241826033], [4, 0.0071893582805097195, 0.8822712544360438, 88.23257248611968], [5, 0.006315396005785602, 0.8950007714858819, 89.50493522516965], [6, 0.005798652081959752, 0.9048757907730288, 90.49198025909932], [7, 0.005105993669863732, 0.9162166332356118, 91.62553979025293]], "val": [[0, 0.015068961320479805, 0.6993639102778708, 69.93092692982067], [1, 0.013248365595289332, 0.7546032808838299, 75.50133689839572], [2, 0.014255678176600985, 0.7626380984265149, 76.30347593582887], [3, 0.013597454753689429, 0.7736859725477068, 77.40641711229947], [4, 0.012954162904073828, 0.7961165048543689, 79.64572192513369], [5, 0.013670732144404571, 0.796786072982926, 79.71256684491979], [6, 0.012667500043775324, 0.8018078339471041, 80.21390374331551], [7, 0.013951684205956574, 0.8001339136257114, 80.04679144385027]]}{"train": [[0, 0.018052061071865293, 0.6316154914365067, 63.155459592843926], [1, 0.010875390476074913, 0.8040425860206758, 80.41332510795804], [2, 0.008871247454118075, 0.8443912976392532, 84.44632942628007], [3, 0.007939081898669815, 0.8627526616262923, 86.25848241826033], [4, 0.0071893582805097195, 0.8822712544360438, 88.23257248611968], [5, 0.006315396005785602, 0.8950007714858819, 89.50493522516965], [6, 0.005798652081959752, 0.9048757907730288, 90.49198025909932], [7, 0.005105993669863732, 0.9162166332356118, 91.62553979025293], [8, 0.004898081820663283, 0.9211541428791853, 92.11906230721776]], "val": [[0, 0.015068961320479805, 0.6993639102778708, 69.93092692982067], [1, 0.013248365595289332, 0.7546032808838299, 75.50133689839572], [2, 0.014255678176600985, 0.7626380984265149, 76.30347593582887], [3, 0.013597454753689429, 0.7736859725477068, 77.40641711229947], [4, 0.012954162904073828, 0.7961165048543689, 79.64572192513369], [5, 0.013670732144404571, 0.796786072982926, 79.71256684491979], [6, 0.012667500043775324, 0.8018078339471041, 80.21390374331551], [7, 0.013951684205956574, 0.8001339136257114, 80.04679144385027], [8, 0.015198472775764799, 0.7944425845329762, 79.47860962566845]]}{"train": [[0, 0.046517512120448974, 0.10260762228051226, 10.256014805675509]], "val": [[0, 0.04070556183211147, 0.15734851021091395, 15.764260256354184]]}