{"train": [[0, 0.037046798345273746, 0.24325914210769942, 24.325914210769945]], "val": [[0, 0.05391662838784131, 0.10813525276196853, 10.795454545454545]]}