{"train": [[0, 0.33482901337258336, 0.012652368461657152, 1.2623152709359606]], "val": [[0, 0.1247338778636557, 0.012052226314027453, 1.196808510638298]]}{"train": [[0, 0.33482901337258336, 0.012652368461657152, 1.2623152709359606], [1, 0.06233642981594126, 0.016124054929794785, 1.6086822660098523]], "val": [[0, 0.1247338778636557, 0.012052226314027453, 1.196808510638298], [1, 0.08396703741968946, 0.012052226314027453, 1.196808510638298]]}{"train": [[0, 0.33482901337258336, 0.012652368461657152, 1.2623152709359606], [1, 0.06233642981594126, 0.016124054929794785, 1.6086822660098523], [2, 0.05444656694170289, 0.021447307514272488, 2.1397783251231526]], "val": [[0, 0.1247338778636557, 0.012052226314027453, 1.196808510638298], [1, 0.08396703741968946, 0.012052226314027453, 1.196808510638298], [2, 0.07773239236879856, 0.012052226314027453, 1.196808510638298]]}{"train": [[0, 0.33482901337258336, 0.012652368461657152, 1.2623152709359606], [1, 0.06233642981594126, 0.016124054929794785, 1.6086822660098523], [2, 0.05444656694170289, 0.021447307514272488, 2.1397783251231526], [3, 0.053108099985665874, 0.024224656688782594, 2.416871921182266]], "val": [[0, 0.1247338778636557, 0.012052226314027453, 1.196808510638298], [1, 0.08396703741968946, 0.012052226314027453, 1.196808510638298], [2, 0.07773239236879856, 0.012052226314027453, 1.196808510638298], [3, 0.08997274015812164, 0.012052226314027453, 1.196808510638298]]}{"train": [[0, 0.33482901337258336, 0.012652368461657152, 1.2623152709359606], [1, 0.06233642981594126, 0.016124054929794785, 1.6086822660098523], [2, 0.05444656694170289, 0.021447307514272488, 2.1397783251231526], [3, 0.053108099985665874, 0.024224656688782594, 2.416871921182266], [4, 0.05241415055991687, 0.02306742786607005, 2.416871921182266]], "val": [[0, 0.1247338778636557, 0.012052226314027453, 1.196808510638298], [1, 0.08396703741968946, 0.012052226314027453, 1.196808510638298], [2, 0.07773239236879856, 0.012052226314027453, 1.196808510638298], [3, 0.08997274015812164, 0.012052226314027453, 1.196808510638298], [4, 0.07672071147789346, 0.012052226314027453, 1.196808510638298]]}{"train": [[0, 0.33482901337258336, 0.012652368461657152, 1.2623152709359606], [1, 0.06233642981594126, 0.016124054929794785, 1.6086822660098523], [2, 0.05444656694170289, 0.021447307514272488, 2.1397783251231526], [3, 0.053108099985665874, 0.024224656688782594, 2.416871921182266], [4, 0.05241415055991687, 0.02306742786607005, 2.416871921182266], [5, 0.05198401665966499, 0.026924857275111864, 2.686268472906404]], "val": [[0, 0.1247338778636557, 0.012052226314027453, 1.196808510638298], [1, 0.08396703741968946, 0.012052226314027453, 1.196808510638298], [2, 0.07773239236879856, 0.012052226314027453, 1.196808510638298], [3, 0.08997274015812164, 0.012052226314027453, 1.196808510638298], [4, 0.07672071147789346, 0.012052226314027453, 1.196808510638298], [5, 0.09918182723699732, 0.012052226314027453, 1.196808510638298]]}{"train": [[0, 0.33482901337258336, 0.012652368461657152, 1.2623152709359606], [1, 0.06233642981594126, 0.016124054929794785, 1.6086822660098523], [2, 0.05444656694170289, 0.021447307514272488, 2.1397783251231526], [3, 0.053108099985665874, 0.024224656688782594, 2.416871921182266], [4, 0.05241415055991687, 0.02306742786607005, 2.416871921182266], [5, 0.05198401665966499, 0.026924857275111864, 2.686268472906404], [6, 0.05163661865838643, 0.027927788921462738, 2.7863300492610836]], "val": [[0, 0.1247338778636557, 0.012052226314027453, 1.196808510638298], [1, 0.08396703741968946, 0.012052226314027453, 1.196808510638298], [2, 0.07773239236879856, 0.012052226314027453, 1.196808510638298], [3, 0.08997274015812164, 0.012052226314027453, 1.196808510638298], [4, 0.07672071147789346, 0.012052226314027453, 1.196808510638298], [5, 0.09918182723699732, 0.012052226314027453, 1.196808510638298], [6, 0.0773065522154595, 0.012721794442584533, 1.2632978723404256]]}