{"train": [[0, 0.05343631352269253, 0.027773491745101065, 2.7743526510480887]], "val": [[0, 0.07367321896680536, 0.035821894877803816, 3.5913952353166385]]}{"train": [[0, 0.05343631352269253, 0.027773491745101065, 2.7743526510480887], [1, 0.048077111537815166, 0.05492979478475544, 5.487053020961776]], "val": [[0, 0.07367321896680536, 0.035821894877803816, 3.5913952353166385], [1, 0.054576640221524364, 0.04954804151322397, 4.946524064171123]]}{"train": [[0, 0.05343631352269253, 0.027773491745101065, 2.7743526510480887], [1, 0.048077111537815166, 0.05492979478475544, 5.487053020961776], [2, 0.04565437554247429, 0.08023453170806974, 8.014796547472256]], "val": [[0, 0.07367321896680536, 0.035821894877803816, 3.5913952353166385], [1, 0.054576640221524364, 0.04954804151322397, 4.946524064171123], [2, 0.05418143228174531, 0.03213927017073987, 3.2085561497326203]]}{"train": [[0, 0.05343631352269253, 0.027773491745101065, 2.7743526510480887], [1, 0.048077111537815166, 0.05492979478475544, 5.487053020961776], [2, 0.04565437554247429, 0.08023453170806974, 8.014796547472256], [3, 0.04434494683852031, 0.10854806357043666, 10.843094944512947]], "val": [[0, 0.07367321896680536, 0.035821894877803816, 3.5913952353166385], [1, 0.054576640221524364, 0.04954804151322397, 4.946524064171123], [2, 0.05418143228174531, 0.03213927017073987, 3.2085561497326203], [3, 0.05446909842166034, 0.04653498493471711, 4.6609139518941785]]}{"train": [[0, 0.05343631352269253, 0.027773491745101065, 2.7743526510480887], [1, 0.048077111537815166, 0.05492979478475544, 5.487053020961776], [2, 0.04565437554247429, 0.08023453170806974, 8.014796547472256], [3, 0.04434494683852031, 0.10854806357043666, 10.843094944512947], [4, 0.04165983705353061, 0.14673661471995061, 14.65782983970407]], "val": [[0, 0.07367321896680536, 0.035821894877803816, 3.5913952353166385], [1, 0.054576640221524364, 0.04954804151322397, 4.946524064171123], [2, 0.05418143228174531, 0.03213927017073987, 3.2085561497326203], [3, 0.05446909842166034, 0.04653498493471711, 4.6609139518941785], [4, 0.06177425693302231, 0.05758285905590894, 5.748663101604278]]}{"train": [[0, 0.05343631352269253, 0.027773491745101065, 2.7743526510480887], [1, 0.048077111537815166, 0.05492979478475544, 5.487053020961776], [2, 0.04565437554247429, 0.08023453170806974, 8.014796547472256], [3, 0.04434494683852031, 0.10854806357043666, 10.843094944512947], [4, 0.04165983705353061, 0.14673661471995061, 14.65782983970407], [5, 0.03805822905258686, 0.21030705138095973, 21.00801479654747]], "val": [[0, 0.07367321896680536, 0.035821894877803816, 3.5913952353166385], [1, 0.054576640221524364, 0.04954804151322397, 4.946524064171123], [2, 0.05418143228174531, 0.03213927017073987, 3.2085561497326203], [3, 0.05446909842166034, 0.04653498493471711, 4.6609139518941785], [4, 0.06177425693302231, 0.05758285905590894, 5.748663101604278], [5, 0.0531463691377066, 0.0555741546702377, 5.563320369006478]]}{"train": [[0, 0.05343631352269253, 0.027773491745101065, 2.7743526510480887], [1, 0.048077111537815166, 0.05492979478475544, 5.487053020961776], [2, 0.04565437554247429, 0.08023453170806974, 8.014796547472256], [3, 0.04434494683852031, 0.10854806357043666, 10.843094944512947], [4, 0.04165983705353061, 0.14673661471995061, 14.65782983970407], [5, 0.03805822905258686, 0.21030705138095973, 21.00801479654747], [6, 0.034489425882219385, 0.2873784909736152, 28.70684340320592]], "val": [[0, 0.07367321896680536, 0.035821894877803816, 3.5913952353166385], [1, 0.054576640221524364, 0.04954804151322397, 4.946524064171123], [2, 0.05418143228174531, 0.03213927017073987, 3.2085561497326203], [3, 0.05446909842166034, 0.04653498493471711, 4.6609139518941785], [4, 0.06177425693302231, 0.05758285905590894, 5.748663101604278], [5, 0.0531463691377066, 0.0555741546702377, 5.563320369006478], [6, 0.05171702971512621, 0.0813525276196853, 8.136849780771184]]}{"train": [[0, 0.05343631352269253, 0.027773491745101065, 2.7743526510480887], [1, 0.048077111537815166, 0.05492979478475544, 5.487053020961776], [2, 0.04565437554247429, 0.08023453170806974, 8.014796547472256], [3, 0.04434494683852031, 0.10854806357043666, 10.843094944512947], [4, 0.04165983705353061, 0.14673661471995061, 14.65782983970407], [5, 0.03805822905258686, 0.21030705138095973, 21.00801479654747], [6, 0.034489425882219385, 0.2873784909736152, 28.70684340320592], [7, 0.030930949629970013, 0.35341768245641103, 35.35758323057953]], "val": [[0, 0.07367321896680536, 0.035821894877803816, 3.5913952353166385], [1, 0.054576640221524364, 0.04954804151322397, 4.946524064171123], [2, 0.05418143228174531, 0.03213927017073987, 3.2085561497326203], [3, 0.05446909842166034, 0.04653498493471711, 4.6609139518941785], [4, 0.06177425693302231, 0.05758285905590894, 5.748663101604278], [5, 0.0531463691377066, 0.0555741546702377, 5.563320369006478], [6, 0.05171702971512621, 0.0813525276196853, 8.136849780771184], [7, 0.04833465278706449, 0.08470036826247071, 8.471074379701665]]}{"train": [[0, 0.05343631352269253, 0.027773491745101065, 2.7743526510480887], [1, 0.048077111537815166, 0.05492979478475544, 5.487053020961776], [2, 0.04565437554247429, 0.08023453170806974, 8.014796547472256], [3, 0.04434494683852031, 0.10854806357043666, 10.843094944512947], [4, 0.04165983705353061, 0.14673661471995061, 14.65782983970407], [5, 0.03805822905258686, 0.21030705138095973, 21.00801479654747], [6, 0.034489425882219385, 0.2873784909736152, 28.70684340320592], [7, 0.030930949629970013, 0.35341768245641103, 35.35758323057953], [8, 0.02792104673554659, 0.422697114642802, 42.22410604192355]], "val": [[0, 0.07367321896680536, 0.035821894877803816, 3.5913952353166385], [1, 0.054576640221524364, 0.04954804151322397, 4.946524064171123], [2, 0.05418143228174531, 0.03213927017073987, 3.2085561497326203], [3, 0.05446909842166034, 0.04653498493471711, 4.6609139518941785], [4, 0.06177425693302231, 0.05758285905590894, 5.748663101604278], [5, 0.0531463691377066, 0.0555741546702377, 5.563320369006478], [6, 0.05171702971512621, 0.0813525276196853, 8.136849780771184], [7, 0.04833465278706449, 0.08470036826247071, 8.471074379701665], [8, 0.05177913030440157, 0.06829594911282223, 6.848565871702796]]}