{"train": [[0, 0.054359938558903045, 0.026076222805122666, 2.6048088779284835]], "val": [[0, 0.054793810999807825, 0.0381653833277536, 3.8405444813284646]]}