{"train": [[0, 0.13656456572646947, 1.0, 4.025755181601367]], "val": [[0, 0.12519853562116623, 1.0, 4.068397166881155]]}{"train": [[0, 0.13656456572646947, 1.0, 4.025755181601367], [1, 0.12401665466808781, 1.0, 4.1119795927067395]], "val": [[0, 0.12519853562116623, 1.0, 4.068397166881155], [1, 0.1257437583296857, 1.0, 4.156412094197375]]}{"train": [[0, 0.13656456572646947, 1.0, 4.025755181601367], [1, 0.12401665466808781, 1.0, 4.1119795927067395], [2, 0.12283172216458418, 1.0, 4.222114309822161]], "val": [[0, 0.12519853562116623, 1.0, 4.068397166881155], [1, 0.1257437583296857, 1.0, 4.156412094197375], [2, 0.12530491944957287, 1.0, 4.156288116536242]]}{"train": [[0, 0.13656456572646947, 1.0, 4.025755181601367], [1, 0.12401665466808781, 1.0, 4.1119795927067395], [2, 0.12283172216458418, 1.0, 4.222114309822161], [3, 0.1210289929715014, 1.0, 4.3103923846765895]], "val": [[0, 0.12519853562116623, 1.0, 4.068397166881155], [1, 0.1257437583296857, 1.0, 4.156412094197375], [2, 0.12530491944957287, 1.0, 4.156288116536242], [3, 0.1265507161300233, 1.0, 4.106985934237216]]}{"train": [[0, 0.13656456572646947, 1.0, 4.025755181601367], [1, 0.12401665466808781, 1.0, 4.1119795927067395], [2, 0.12283172216458418, 1.0, 4.222114309822161], [3, 0.1210289929715014, 1.0, 4.3103923846765895], [4, 0.11879212059771892, 1.0, 4.400560661689522]], "val": [[0, 0.12519853562116623, 1.0, 4.068397166881155], [1, 0.1257437583296857, 1.0, 4.156412094197375], [2, 0.12530491944957287, 1.0, 4.156288116536242], [3, 0.1265507161300233, 1.0, 4.106985934237216], [4, 0.12325808976558929, 1.0, 4.23995632820941]]}{"train": [[0, 0.13656456572646947, 1.0, 4.025755181601367], [1, 0.12401665466808781, 1.0, 4.1119795927067395], [2, 0.12283172216458418, 1.0, 4.222114309822161], [3, 0.1210289929715014, 1.0, 4.3103923846765895], [4, 0.11879212059771892, 1.0, 4.400560661689522], [5, 0.1175088370506911, 1.0, 4.450874390061369]], "val": [[0, 0.12519853562116623, 1.0, 4.068397166881155], [1, 0.1257437583296857, 1.0, 4.156412094197375], [2, 0.12530491944957287, 1.0, 4.156288116536242], [3, 0.1265507161300233, 1.0, 4.106985934237216], [4, 0.12325808976558929, 1.0, 4.23995632820941], [5, 0.12330938574481518, 1.0, 4.247544775617883]]}