{"train": [[0, 0.05846269242465496, 0.024610399629686776, 2.455357142857143]], "val": [[0, 0.05466835791284733, 0.02879142952795447, 2.859042553191489]]}{"train": [[0, 0.05846269242465496, 0.024610399629686776, 2.455357142857143], [1, 0.04911365774758344, 0.04158308902947076, 4.148706896551724]], "val": [[0, 0.05466835791284733, 0.02879142952795447, 2.859042553191489], [1, 0.05220627970993519, 0.03950451958486776, 3.986339457491611]]}{"train": [[0, 0.05846269242465496, 0.024610399629686776, 2.455357142857143], [1, 0.04911365774758344, 0.04158308902947076, 4.148706896551724], [2, 0.04557176364649986, 0.0703595124209227, 7.019704433497537]], "val": [[0, 0.05466835791284733, 0.02879142952795447, 2.859042553191489], [1, 0.05220627970993519, 0.03950451958486776, 3.986339457491611], [2, 0.0500641821467496, 0.04988282557750251, 4.95345744680851]]}{"train": [[0, 0.05846269242465496, 0.024610399629686776, 2.455357142857143], [1, 0.04911365774758344, 0.04158308902947076, 4.148706896551724], [2, 0.04557176364649986, 0.0703595124209227, 7.019704433497537], [3, 0.04201380504763185, 0.12204906650208301, 12.176724137931034]], "val": [[0, 0.05466835791284733, 0.02879142952795447, 2.859042553191489], [1, 0.05220627970993519, 0.03950451958486776, 3.986339457491611], [2, 0.0500641821467496, 0.04988282557750251, 4.95345744680851], [3, 0.048446464411755825, 0.07231335788416471, 7.307785297961945]]}{"train": [[0, 0.05846269242465496, 0.024610399629686776, 2.455357142857143], [1, 0.04911365774758344, 0.04158308902947076, 4.148706896551724], [2, 0.04557176364649986, 0.0703595124209227, 7.019704433497537], [3, 0.04201380504763185, 0.12204906650208301, 12.176724137931034], [4, 0.03848351805649808, 0.17505014658231755, 17.464593596059114]], "val": [[0, 0.05466835791284733, 0.02879142952795447, 2.859042553191489], [1, 0.05220627970993519, 0.03950451958486776, 3.986339457491611], [2, 0.0500641821467496, 0.04988282557750251, 4.95345744680851], [3, 0.048446464411755825, 0.07231335788416471, 7.307785297961945], [4, 0.04870515122534113, 0.07365249414127888, 7.440764021366201]]}{"train": [[0, 0.05846269242465496, 0.024610399629686776, 2.455357142857143], [1, 0.04911365774758344, 0.04158308902947076, 4.148706896551724], [2, 0.04557176364649986, 0.0703595124209227, 7.019704433497537], [3, 0.04201380504763185, 0.12204906650208301, 12.176724137931034], [4, 0.03848351805649808, 0.17505014658231755, 17.464593596059114], [5, 0.033857226899361666, 0.26431106310754515, 26.600985221674875]], "val": [[0, 0.05466835791284733, 0.02879142952795447, 2.859042553191489], [1, 0.05220627970993519, 0.03950451958486776, 3.986339457491611], [2, 0.0500641821467496, 0.04988282557750251, 4.95345744680851], [3, 0.048446464411755825, 0.07231335788416471, 7.307785297961945], [4, 0.04870515122534113, 0.07365249414127888, 7.440764021366201], [5, 0.05338797813400309, 0.062269835955808504, 6.31044487243003]]}