{"train": [[0, 1.3864920694936806, 0.00015429717636167257, 0.0007187784904499993, 18.065218282286683]], "val": [[0, 1.3863052123370656, 0.0, 0.0, 18.705766655507198]]}{"train": [[0, 2408.2657213316893, 0.0022373090572442526, 0.012171009112574255, 9.833318064341922]], "val": [[0, 6389.832887700535, 0.0, 0.0, 19.31143026029461]]}{"train": [[0, 2408.2657213316893, 0.0022373090572442526, 0.012171009112574255, 9.833318064341922], [1, 9.716197210234279, 0.0018129918222496528, 0.011755911661250193, 10.575586329270175]], "val": [[0, 6389.832887700535, 0.0, 0.0, 19.31143026029461], [1, 9712.466577540106, 0.0, 0.0, 19.5655666743388]]}{"train": [[0, 2408.2657213316893, 0.0022373090572442526, 0.012171009112574255, 9.833318064341922], [1, 9.716197210234279, 0.0018129918222496528, 0.011755911661250193, 10.575586329270175], [2, 22.412328529593093, 0.0017744175281592346, 0.010400167899888858, 11.027339530936583]], "val": [[0, 6389.832887700535, 0.0, 0.0, 19.31143026029461], [1, 9712.466577540106, 0.0, 0.0, 19.5655666743388], [2, 2046.4376671122996, 0.0, 0.0, 19.21308744141279]]}{"train": [[0, 2408.2657213316893, 0.0022373090572442526, 0.012171009112574255, 9.833318064341922], [1, 9.716197210234279, 0.0018129918222496528, 0.011755911661250193, 10.575586329270175], [2, 22.412328529593093, 0.0017744175281592346, 0.010400167899888858, 11.027339530936583], [3, 7.7874621898119605, 0.0025459034099675976, 0.012977146877953344, 10.047529557552847]], "val": [[0, 6389.832887700535, 0.0, 0.0, 19.31143026029461], [1, 9712.466577540106, 0.0, 0.0, 19.5655666743388], [2, 2046.4376671122996, 0.0, 0.0, 19.21308744141279], [3, 3467.241310160428, 0.0, 0.0, 19.394080076163373]]}{"train": [[0, 2408.2657213316893, 0.0022373090572442526, 0.012171009112574255, 9.833318064341922], [1, 9.716197210234279, 0.0018129918222496528, 0.011755911661250193, 10.575586329270175], [2, 22.412328529593093, 0.0017744175281592346, 0.010400167899888858, 11.027339530936583], [3, 7.7874621898119605, 0.0025459034099675976, 0.012977146877953344, 10.047529557552847], [4, 7.683404699059802, 0.002584477704058016, 0.013759068584868871, 9.281046279509335]], "val": [[0, 6389.832887700535, 0.0, 0.0, 19.31143026029461], [1, 9712.466577540106, 0.0, 0.0, 19.5655666743388], [2, 2046.4376671122996, 0.0, 0.0, 19.21308744141279], [3, 3467.241310160428, 0.0, 0.0, 19.394080076163373], [4, 2543.66243315508, 0.0, 0.0, 18.96048240291262]]}{"train": [[0, 2408.2657213316893, 0.0022373090572442526, 0.012171009112574255, 9.833318064341922], [1, 9.716197210234279, 0.0018129918222496528, 0.011755911661250193, 10.575586329270175], [2, 22.412328529593093, 0.0017744175281592346, 0.010400167899888858, 11.027339530936583], [3, 7.7874621898119605, 0.0025459034099675976, 0.012977146877953344, 10.047529557552847], [4, 7.683404699059802, 0.002584477704058016, 0.013759068584868871, 9.281046279509335], [5, 7.628204232814427, 0.002623051998148434, 0.014259939925057379, 9.022071728899862]], "val": [[0, 6389.832887700535, 0.0, 0.0, 19.31143026029461], [1, 9712.466577540106, 0.0, 0.0, 19.5655666743388], [2, 2046.4376671122996, 0.0, 0.0, 19.21308744141279], [3, 3467.241310160428, 0.0, 0.0, 19.394080076163373], [4, 2543.66243315508, 0.0, 0.0, 18.96048240291262], [5, 2375.357787433155, 0.0, 9.846590162520829e-06, 19.273013788918647]]}{"train": [[0, 2408.2657213316893, 0.0022373090572442526, 0.012171009112574255, 9.833318064341922], [1, 9.716197210234279, 0.0018129918222496528, 0.011755911661250193, 10.575586329270175], [2, 22.412328529593093, 0.0017744175281592346, 0.010400167899888858, 11.027339530936583], [3, 7.7874621898119605, 0.0025459034099675976, 0.012977146877953344, 10.047529557552847], [4, 7.683404699059802, 0.002584477704058016, 0.013759068584868871, 9.281046279509335], [5, 7.628204232814427, 0.002623051998148434, 0.014259939925057379, 9.022071728899862], [6, 10.340365145268187, 0.002468754821786761, 0.013370348520253915, 9.618323030782287]], "val": [[0, 6389.832887700535, 0.0, 0.0, 19.31143026029461], [1, 9712.466577540106, 0.0, 0.0, 19.5655666743388], [2, 2046.4376671122996, 0.0, 0.0, 19.21308744141279], [3, 3467.241310160428, 0.0, 0.0, 19.394080076163373], [4, 2543.66243315508, 0.0, 0.0, 18.96048240291262], [5, 2375.357787433155, 0.0, 9.846590162520829e-06, 19.273013788918647], [6, 1307.2531751336899, 0.0, 0.0, 19.921702376966856]]}{"train": [[0, 2408.2657213316893, 0.0022373090572442526, 0.012171009112574255, 9.833318064341922], [1, 9.716197210234279, 0.0018129918222496528, 0.011755911661250193, 10.575586329270175], [2, 22.412328529593093, 0.0017744175281592346, 0.010400167899888858, 11.027339530936583], [3, 7.7874621898119605, 0.0025459034099675976, 0.012977146877953344, 10.047529557552847], [4, 7.683404699059802, 0.002584477704058016, 0.013759068584868871, 9.281046279509335], [5, 7.628204232814427, 0.002623051998148434, 0.014259939925057379, 9.022071728899862], [6, 10.340365145268187, 0.002468754821786761, 0.013370348520253915, 9.618323030782287], [7, 7.589891915844636, 0.0035102607622280514, 0.015307991064325047, 8.890303145733682]], "val": [[0, 6389.832887700535, 0.0, 0.0, 19.31143026029461], [1, 9712.466577540106, 0.0, 0.0, 19.5655666743388], [2, 2046.4376671122996, 0.0, 0.0, 19.21308744141279], [3, 3467.241310160428, 0.0, 0.0, 19.394080076163373], [4, 2543.66243315508, 0.0, 0.0, 18.96048240291262], [5, 2375.357787433155, 0.0, 9.846590162520829e-06, 19.273013788918647], [6, 1307.2531751336899, 0.0, 0.0, 19.921702376966856], [7, 1182.7513368983957, 0.0, 0.0, 19.99791283059926]]}{"train": [[0, 2408.2657213316893, 0.0022373090572442526, 0.012171009112574255, 9.833318064341922], [1, 9.716197210234279, 0.0018129918222496528, 0.011755911661250193, 10.575586329270175], [2, 22.412328529593093, 0.0017744175281592346, 0.010400167899888858, 11.027339530936583], [3, 7.7874621898119605, 0.0025459034099675976, 0.012977146877953344, 10.047529557552847], [4, 7.683404699059802, 0.002584477704058016, 0.013759068584868871, 9.281046279509335], [5, 7.628204232814427, 0.002623051998148434, 0.014259939925057379, 9.022071728899862], [6, 10.340365145268187, 0.002468754821786761, 0.013370348520253915, 9.618323030782287], [7, 7.589891915844636, 0.0035102607622280514, 0.015307991064325047, 8.890303145733682], [8, 7.515446786374846, 0.003548835056318469, 0.01634800079114973, 8.652327476469681]], "val": [[0, 6389.832887700535, 0.0, 0.0, 19.31143026029461], [1, 9712.466577540106, 0.0, 0.0, 19.5655666743388], [2, 2046.4376671122996, 0.0, 0.0, 19.21308744141279], [3, 3467.241310160428, 0.0, 0.0, 19.394080076163373], [4, 2543.66243315508, 0.0, 0.0, 18.96048240291262], [5, 2375.357787433155, 0.0, 9.846590162520829e-06, 19.273013788918647], [6, 1307.2531751336899, 0.0, 0.0, 19.921702376966856], [7, 1182.7513368983957, 0.0, 0.0, 19.99791283059926], [8, 1165.0679311497327, 0.0, 0.0, 19.959200807666555]]}{"train": [[0, 2408.2657213316893, 0.0022373090572442526, 0.012171009112574255, 9.833318064341922], [1, 9.716197210234279, 0.0018129918222496528, 0.011755911661250193, 10.575586329270175], [2, 22.412328529593093, 0.0017744175281592346, 0.010400167899888858, 11.027339530936583], [3, 7.7874621898119605, 0.0025459034099675976, 0.012977146877953344, 10.047529557552847], [4, 7.683404699059802, 0.002584477704058016, 0.013759068584868871, 9.281046279509335], [5, 7.628204232814427, 0.002623051998148434, 0.014259939925057379, 9.022071728899862], [6, 10.340365145268187, 0.002468754821786761, 0.013370348520253915, 9.618323030782287], [7, 7.589891915844636, 0.0035102607622280514, 0.015307991064325047, 8.890303145733682], [8, 7.515446786374846, 0.003548835056318469, 0.01634800079114973, 8.652327476469681], [9, 7.471361792925401, 0.0038188551149513964, 0.017045205729442917, 8.470605182456412]],