{"train": [[0, 0.7037466168403625, 0.0, 0.0]], "val": [[0, 0.639676570892334, 0.8, 17.303911209106445]]}{"train": [[0, 0.7037466168403625, 0.0, 0.0], [1, 0.6165124773979187, 1.0, 39.83116912841797]], "val": [[0, 0.639676570892334, 0.8, 17.303911209106445], [1, 0.5664566159248352, 1.0, 46.03496551513672]]}{"train": [[0, 0.7037466168403625, 0.0, 0.0], [1, 0.6165124773979187, 1.0, 39.83116912841797], [2, 0.5114783048629761, 1.0, 53.95664596557617]], "val": [[0, 0.639676570892334, 0.8, 17.303911209106445], [1, 0.5664566159248352, 1.0, 46.03496551513672], [2, 0.4579553008079529, 1.0, 46.88970947265625]]}{"train": [[0, 0.7037466168403625, 0.0, 0.0], [1, 0.6165124773979187, 1.0, 39.83116912841797], [2, 0.5114783048629761, 1.0, 53.95664596557617], [3, 0.3760976195335388, 1.0, 56.17502212524414]], "val": [[0, 0.639676570892334, 0.8, 17.303911209106445], [1, 0.5664566159248352, 1.0, 46.03496551513672], [2, 0.4579553008079529, 1.0, 46.88970947265625], [3, 0.3310326039791107, 1.0, 55.58041763305664]]}{"train": [[0, 0.7037466168403625, 0.0, 0.0], [1, 0.6165124773979187, 1.0, 39.83116912841797], [2, 0.5114783048629761, 1.0, 53.95664596557617], [3, 0.3760976195335388, 1.0, 56.17502212524414], [4, 0.23667296767234802, 1.0, 63.556640625]], "val": [[0, 0.639676570892334, 0.8, 17.303911209106445], [1, 0.5664566159248352, 1.0, 46.03496551513672], [2, 0.4579553008079529, 1.0, 46.88970947265625], [3, 0.3310326039791107, 1.0, 55.58041763305664], [4, 0.2175845205783844, 1.0, 55.85314178466797]]}{"train": [[0, 0.7037466168403625, 0.0, 0.0], [1, 0.6165124773979187, 1.0, 39.83116912841797], [2, 0.5114783048629761, 1.0, 53.95664596557617], [3, 0.3760976195335388, 1.0, 56.17502212524414], [4, 0.23667296767234802, 1.0, 63.556640625], [5, 0.14315392076969147, 1.0, 62.13006591796875]], "val": [[0, 0.639676570892334, 0.8, 17.303911209106445], [1, 0.5664566159248352, 1.0, 46.03496551513672], [2, 0.4579553008079529, 1.0, 46.88970947265625], [3, 0.3310326039791107, 1.0, 55.58041763305664], [4, 0.2175845205783844, 1.0, 55.85314178466797], [5, 0.1440068781375885, 1.0, 55.85314178466797]]}{"train": [[0, 0.7037466168403625, 0.0, 0.0], [1, 0.6165124773979187, 1.0, 39.83116912841797], [2, 0.5114783048629761, 1.0, 53.95664596557617], [3, 0.3760976195335388, 1.0, 56.17502212524414], [4, 0.23667296767234802, 1.0, 63.556640625], [5, 0.14315392076969147, 1.0, 62.13006591796875], [6, 0.0912957638502121, 1.0, 65.26433563232422]], "val": [[0, 0.639676570892334, 0.8, 17.303911209106445], [1, 0.5664566159248352, 1.0, 46.03496551513672], [2, 0.4579553008079529, 1.0, 46.88970947265625], [3, 0.3310326039791107, 1.0, 55.58041763305664], [4, 0.2175845205783844, 1.0, 55.85314178466797], [5, 0.1440068781375885, 1.0, 55.85314178466797], [6, 0.10632938891649246, 1.0, 55.03496551513672]]}{"train": [[0, 0.7037466168403625, 0.0, 0.0], [1, 0.6165124773979187, 1.0, 39.83116912841797], [2, 0.5114783048629761, 1.0, 53.95664596557617], [3, 0.3760976195335388, 1.0, 56.17502212524414], [4, 0.23667296767234802, 1.0, 63.556640625], [5, 0.14315392076969147, 1.0, 62.13006591796875], [6, 0.0912957638502121, 1.0, 65.26433563232422], [7, 0.07678007334470749, 1.0, 68.02117156982422]], "val": [[0, 0.639676570892334, 0.8, 17.303911209106445], [1, 0.5664566159248352, 1.0, 46.03496551513672], [2, 0.4579553008079529, 1.0, 46.88970947265625], [3, 0.3310326039791107, 1.0, 55.58041763305664], [4, 0.2175845205783844, 1.0, 55.85314178466797], [5, 0.1440068781375885, 1.0, 55.85314178466797], [6, 0.10632938891649246, 1.0, 55.03496551513672], [7, 0.09437012672424316, 1.0, 52.72727584838867]]}{"train": [[0, 0.7037466168403625, 0.0, 0.0], [1, 0.6165124773979187, 1.0, 39.83116912841797], [2, 0.5114783048629761, 1.0, 53.95664596557617], [3, 0.3760976195335388, 1.0, 56.17502212524414], [4, 0.23667296767234802, 1.0, 63.556640625], [5, 0.14315392076969147, 1.0, 62.13006591796875], [6, 0.0912957638502121, 1.0, 65.26433563232422], [7, 0.07678007334470749, 1.0, 68.02117156982422], [8, 0.08351923525333405, 1.0, 55.44615173339844]], "val": [[0, 0.639676570892334, 0.8, 17.303911209106445], [1, 0.5664566159248352, 1.0, 46.03496551513672], [2, 0.4579553008079529, 1.0, 46.88970947265625], [3, 0.3310326039791107, 1.0, 55.58041763305664], [4, 0.2175845205783844, 1.0, 55.85314178466797], [5, 0.1440068781375885, 1.0, 55.85314178466797], [6, 0.10632938891649246, 1.0, 55.03496551513672], [7, 0.09437012672424316, 1.0, 52.72727584838867], [8, 0.0931224599480629, 1.0, 51.801795959472656]]}{"train": [[0, 0.7037466168403625, 0.0, 0.0], [1, 0.6165124773979187, 1.0, 39.83116912841797], [2, 0.5114783048629761, 1.0, 53.95664596557617], [3, 0.3760976195335388, 1.0, 56.17502212524414], [4, 0.23667296767234802, 1.0, 63.556640625], [5, 0.14315392076969147, 1.0, 62.13006591796875], [6, 0.0912957638502121, 1.0, 65.26433563232422], [7, 0.07678007334470749, 1.0, 68.02117156982422], [8, 0.08351923525333405, 1.0, 55.44615173339844], [9, 0.07786945253610611, 1.0, 59.55184555053711]], "val": [[0, 0.639676570892334, 0.8, 17.303911209106445], [1, 0.5664566159248352, 1.0, 46.03496551513672], [2, 0.4579553008079529, 1.0, 46.88970947265625], [3, 0.3310326039791107, 1.0, 55.58041763305664], [4, 0.2175845205783844, 1.0, 55.85314178466797], [5, 0.1440068781375885, 1.0, 55.85314178466797], [6, 0.10632938891649246, 1.0, 55.03496551513672], [7, 0.09437012672424316, 1.0, 52.72727584838867], [8, 0.0931224599480629, 1.0, 51.801795959472656], [9, 0.09603473544120789, 1.0, 55.25973892211914]]}