{"train": [[0, 0.03818911708847423, 0.23773337447924703, 23.775843489752187]], "val": [[0, 0.05740390576067425, 0.11416136591898225, 11.276455455356174]]}