{"train": [[0, 0.33482901337258336, 0.012652368461657152, 1.2623152709359606]], "val": [[0, 0.1247338778636557, 0.012052226314027453, 1.196808510638298]]}{"train": [[0, 0.33482901337258336, 0.012652368461657152, 1.2623152709359606], [1, 0.06233642981594126, 0.016124054929794785, 1.6086822660098523]], "val": [[0, 0.1247338778636557, 0.012052226314027453, 1.196808510638298], [1, 0.08396703741968946, 0.012052226314027453, 1.196808510638298]]}