{"train": [[0, 0.037046798345273746, 0.24325914210769942, 24.325914210769945]], "val": [[0, 0.05391662838784131, 0.10813525276196853, 10.795454545454545]]}{"train": [[0, 0.037046798345273746, 0.24325914210769942, 24.325914210769945], [1, 0.019767045995559028, 0.6004619271717327, 60.04619271717328]], "val": [[0, 0.05391662838784131, 0.10813525276196853, 10.795454545454545], [1, 0.047006588274822195, 0.15969199866086375, 15.998217475605522]]}{"train": [[0, 0.037046798345273746, 0.24325914210769942, 24.325914210769945], [1, 0.019767045995559028, 0.6004619271717327, 60.04619271717328], [2, 0.013416677529349823, 0.7414847245795402, 74.14847245795401]], "val": [[0, 0.05391662838784131, 0.10813525276196853, 10.795454545454545], [1, 0.047006588274822195, 0.15969199866086375, 15.998217475605522], [2, 0.04768175409638627, 0.18044861064613324, 18.070409988974504]]}