{"train": [[0, 0.05846269242465496, 0.024610399629686776, 2.455357142857143]], "val": [[0, 0.05466835791284733, 0.02879142952795447, 2.859042553191489]]}{"train": [[0, 0.05846269242465496, 0.024610399629686776, 2.455357142857143], [1, 0.04911365774758344, 0.04158308902947076, 4.148706896551724]], "val": [[0, 0.05466835791284733, 0.02879142952795447, 2.859042553191489], [1, 0.05220627970993519, 0.03950451958486776, 3.986339457491611]]}