{"train": [[0, 1.4037725660536025, 0.0, 0.0002262443447342286, 17.396007361778846]], "val": [[0, 1.394180379449365, 0.0, 0.0, 19.474895118429863]]}{"train": [[0, 1.4037725660536025, 0.0, 0.0002262443447342286, 17.396007361778846], [1, 1.3883156246609158, 0.0, 0.0, 18.5044921875]], "val": [[0, 1.394180379449365, 0.0, 0.0, 19.474895118429863], [1, 1.3967784534801135, 0.0, 0.0, 20.03846224263475]]}