{"train": [[0, 0.15708220389085947, 0.9793764601627326, 55.48446837651361]], "val": [[0, 0.1248017040655968, 1.0, 57.42323059731341]]}{"train": [[0, 0.15708220389085947, 0.9793764601627326, 55.48446837651361], [1, 0.07709809327402066, 1.0, 60.84003708043049]], "val": [[0, 0.1248017040655968, 1.0, 57.42323059731341], [1, 0.09347530739738587, 1.0, 57.32775602949427]]}{"train": [[0, 0.15708220389085947, 0.9793764601627326, 55.48446837651361], [1, 0.07709809327402066, 1.0, 60.84003708043049], [2, 0.07429968934390963, 1.0, 63.25571632385254]], "val": [[0, 0.1248017040655968, 1.0, 57.42323059731341], [1, 0.09347530739738587, 1.0, 57.32775602949427], [2, 0.10068845273332393, 1.0, 57.62850724889877]]}{"train": [[0, 0.15708220389085947, 0.9793764601627326, 55.48446837651361], [1, 0.07709809327402066, 1.0, 60.84003708043049], [2, 0.07429968934390963, 1.0, 63.25571632385254], [3, 0.07002238165011111, 1.0, 66.55330832963138]], "val": [[0, 0.1248017040655968, 1.0, 57.42323059731341], [1, 0.09347530739738587, 1.0, 57.32775602949427], [2, 0.10068845273332393, 1.0, 57.62850724889877], [3, 0.0952524075165708, 1.0, 57.37082777632044]]}{"train": [[0, 0.15708220389085947, 0.9793764601627326, 55.48446837651361], [1, 0.07709809327402066, 1.0, 60.84003708043049], [2, 0.07429968934390963, 1.0, 63.25571632385254], [3, 0.07002238165011111, 1.0, 66.55330832963138], [4, 0.06476940279922534, 1.0, 70.14074836809611]], "val": [[0, 0.1248017040655968, 1.0, 57.42323059731341], [1, 0.09347530739738587, 1.0, 57.32775602949427], [2, 0.10068845273332393, 1.0, 57.62850724889877], [3, 0.0952524075165708, 1.0, 57.37082777632044], [4, 0.10508539274017861, 1.0, 57.92339560326109]]}{"train": [[0, 0.15708220389085947, 0.9793764601627326, 55.48446837651361], [1, 0.07709809327402066, 1.0, 60.84003708043049], [2, 0.07429968934390963, 1.0, 63.25571632385254], [3, 0.07002238165011111, 1.0, 66.55330832963138], [4, 0.06476940279922534, 1.0, 70.14074836809611], [5, 0.05817733806817187, 1.0, 74.24206334536838]], "val": [[0, 0.1248017040655968, 1.0, 57.42323059731341], [1, 0.09347530739738587, 1.0, 57.32775602949427], [2, 0.10068845273332393, 1.0, 57.62850724889877], [3, 0.0952524075165708, 1.0, 57.37082777632044], [4, 0.10508539274017861, 1.0, 57.92339560326109], [5, 0.09280135878857146, 1.0, 59.10230831389732]]}{"train": [[0, 0.15708220389085947, 0.9793764601627326, 55.48446837651361], [1, 0.07709809327402066, 1.0, 60.84003708043049], [2, 0.07429968934390963, 1.0, 63.25571632385254], [3, 0.07002238165011111, 1.0, 66.55330832963138], [4, 0.06476940279922534, 1.0, 70.14074836809611], [5, 0.05817733806817187, 1.0, 74.24206334536838], [6, 0.051976955255743154, 1.0, 77.95669252847888]], "val": [[0, 0.1248017040655968, 1.0, 57.42323059731341], [1, 0.09347530739738587, 1.0, 57.32775602949427], [2, 0.10068845273332393, 1.0, 57.62850724889877], [3, 0.0952524075165708, 1.0, 57.37082777632044], [4, 0.10508539274017861, 1.0, 57.92339560326109], [5, 0.09280135878857146, 1.0, 59.10230831389732], [6, 0.0938356322176913, 1.0, 58.276599397050575]]}{"train": [[0, 0.15708220389085947, 0.9793764601627326, 55.48446837651361], [1, 0.07709809327402066, 1.0, 60.84003708043049], [2, 0.07429968934390963, 1.0, 63.25571632385254], [3, 0.07002238165011111, 1.0, 66.55330832963138], [4, 0.06476940279922534, 1.0, 70.14074836809611], [5, 0.05817733806817187, 1.0, 74.24206334536838], [6, 0.051976955255743154, 1.0, 77.95669252847888], [7, 0.04474349594530985, 1.0, 81.81911806716133]], "val": [[0, 0.1248017040655968, 1.0, 57.42323059731341], [1, 0.09347530739738587, 1.0, 57.32775602949427], [2, 0.10068845273332393, 1.0, 57.62850724889877], [3, 0.0952524075165708, 1.0, 57.37082777632044], [4, 0.10508539274017861, 1.0, 57.92339560326109], [5, 0.09280135878857146, 1.0, 59.10230831389732], [6, 0.0938356322176913, 1.0, 58.276599397050575], [7, 0.09393688085231375, 1.0, 58.69902192785385]]}{"train": [[0, 0.15708220389085947, 0.9793764601627326, 55.48446837651361], [1, 0.07709809327402066, 1.0, 60.84003708043049], [2, 0.07429968934390963, 1.0, 63.25571632385254], [3, 0.07002238165011111, 1.0, 66.55330832963138], [4, 0.06476940279922534, 1.0, 70.14074836809611], [5, 0.05817733806817187, 1.0, 74.24206334536838], [6, 0.051976955255743154, 1.0, 77.95669252847888], [7, 0.04474349594530985, 1.0, 81.81911806716133], [8, 0.037837558061114905, 1.0, 85.36894351919902]], "val": [[0, 0.1248017040655968, 1.0, 57.42323059731341], [1, 0.09347530739738587, 1.0, 57.32775602949427], [2, 0.10068845273332393, 1.0, 57.62850724889877], [3, 0.0952524075165708, 1.0, 57.37082777632044], [4, 0.10508539274017861, 1.0, 57.92339560326109], [5, 0.09280135878857146, 1.0, 59.10230831389732], [6, 0.0938356322176913, 1.0, 58.276599397050575], [7, 0.09393688085231375, 1.0, 58.69902192785385], [8, 0.09141252063056256, 1.0, 58.75095123940326]]}{"train": [[0, 0.15708220389085947, 0.9793764601627326, 55.48446837651361], [1, 0.07709809327402066, 1.0, 60.84003708043049], [2, 0.07429968934390963, 1.0, 63.25571632385254], [3, 0.07002238165011111, 1.0, 66.55330832963138], [4, 0.06476940279922534, 1.0, 70.14074836809611], [5, 0.05817733806817187, 1.0, 74.24206334536838], [6, 0.051976955255743154, 1.0, 77.95669252847888], [7, 0.04474349594530985, 1.0, 81.81911806716133], [8, 0.037837558061114905, 1.0, 85.36894351919902], [9, 0.03150241135513967, 1.0, 88.23581416336532]], "val": [[0, 0.1248017040655968, 1.0, 57.42323059731341], [1, 0.09347530739738587, 1.0, 57.32775602949427], [2, 0.10068845273332393, 1.0, 57.62850724889877], [3, 0.0952524075165708, 1.0, 57.37082777632044], [4, 0.10508539274017861, 1.0, 57.92339560326109], [5, 0.09280135878857146, 1.0, 59.10230831389732], [6, 0.0938356322176913, 1.0, 58.276599397050575], [7, 0.09393688085231375, 1.0, 58.69902192785385], [8, 0.09141252063056256, 1.0, 58.75095123940326], [9, 0.10106602945226303, 1.0, 58.04332392266456]]}