percentile,error_m
P50,1.196557375642798
P75,20.744968860163315
P90,60.847918850905046
P95,74.68095975155614
P99,296.5140775881031
