percentile,error_m
P50,1.3946570251813752
P75,34.962474956504195
P90,92.64056628657599
P95,165.27591185058353
P99,342.88520975538734
