{"train": [[0, 0.017028918625278906, 0.5027073240239385], [1, 0.014900632350790229, 0.7056141350812197], [2, 0.014048814434896816, 0.7336135651182674], [3, 0.01344345565461977, 0.755557138785979]], "val": [[0, 0.018988061656660223, 0.3237361901573485], [1, 0.022884453428869553, 0.12755272849012386], [2, 0.03318874696467785, 0.04084365584198192], [3, 0.03749477696862626, 0.04050887177770338]]}