{"train": [[0, 20549.395312779616], [1, 16698.808495359754], [2, 15345.233660927994], [3, 13737.213671979856], [4, 12828.906986091848], [5, 11419.574175059837], [6, 10021.877035262505], [7, 9305.921501536495], [8, 8388.499165168385], [9, 7818.621098643298], [10, 7031.18592204242], [11, 6821.105697249547], [12, 6193.965686882745], [13, 5856.826211895188], [14, 5528.978314999777], [15, 5350.824019653932], [16, 5105.887457769089], [17, 4783.630191876706], [18, 4622.779474606579], [19, 4437.899759607991], [20, 4373.052237486788], [21, 4218.023899960364], [22, 4219.769886319947], [23, 4048.3453657932596], [24, 3952.2265118194123], [25, 4051.7645797565656], [26, 3836.038667278795], [27, 3794.1641330596117], [28, 3823.0555552303067], [29, 3653.920591208281], [30, 3658.3626607186297], [31, 3636.188251252335], [32, 3545.1653176746627], [33, 3663.0564763063007], [34, 3529.5259218973692], [35, 3599.9751992577217], [36, 3434.9477185172186], [37, 3428.5673171898766], [38, 3403.15438582817], [39, 3329.2376120477893], [40, 3288.727815271704], [41, 3423.991125173712], [42, 3343.225915929293], [43, 3364.642213224767], [44, 3272.1139355975556], [45, 3311.4814414677658], [46, 3244.4033636968306], [47, 3233.9288860039787], [48, 3208.7428572264926], [49, 3166.309682028244], [50, 3188.413025776147], [51, 3242.756446680002], [52, 3109.9397111590965], [53, 3161.9999758830304], [54, 3110.3207367314726], [55, 3125.2772859042257], [56, 3141.4728561761813], [57, 3141.017577491493], [58, 3074.6287253727296], [59, 3137.0047741987573], [60, 3124.5143299362194], [61, 3101.6521261293033], [62, 3104.9536607724563], [63, 3018.8086342289353], [64, 3081.9073547931253], [65, 3014.396875795161], [66, 2986.7517054017817], [67, 2960.174498550535], [68, 3020.685121529428], [69, 3041.181264911452], [70, 2953.0417010144156], [71, 2966.315491967826], [72, 2969.4324319849034], [73, 2916.7161387919355], [74, 2931.314082435821], [75, 2978.4460148411986], [76, 2952.3185659202404], [77, 2933.303115484283], [78, 2859.4376641657836], [79, 2869.47637491629], [80, 2913.5672513051127], [81, 2961.197796067256], [82, 2850.97133436046], [83, 2927.467634546475], [84, 2908.324405787583], [85, 2927.7503861336513], [86, 2836.201124908076], [87, 2962.036875741859], [88, 2851.3223222037595], [89, 2854.9361587994085], [90, 2848.1765814571613], [91, 2882.996384792014]], "val": [[0, 9191.099047770987], [2, 8863.28704330394], [4, 8256.994724789862], [6, 7096.978468086067], [8, 7185.21537554146], [10, 6851.986137969266], [12, 6380.824299324464], [14, 6075.184584815904], [16, 5778.946658496416], [18, 5664.472245320235], [20, 5486.950635450508], [22, 5714.8816735799555], [24, 5470.880361021942], [26, 5131.584065352336], [28, 5426.849330788792], [30, 5393.9558504312345], [32, 5085.974570094949], [34, 5223.00328945248], [36, 4686.890944477748], [38, 5194.882312535453], [40, 5063.005531839805], [42, 5083.674871161433], [44, 5254.639944548654], [46, 4701.1797130823925], [48, 4924.773047318159], [50, 5153.716620416924], [52, 4781.531126318198], [54, 4722.766100792208], [56, 4956.883976398128], [58, 4871.154816177418], [60, 5094.502980852284], [62, 4779.158200909203], [64, 4913.994712703692], [66, 4527.191931394067], [68, 4718.84443810592], [70, 4988.02581283519], [72, 4726.167671228793], [74, 4856.997989264259], [76, 4813.660231989996], [78, 4599.852905072002], [80, 4555.948945199696], [82, 4735.437663566161], [84, 4530.799259198381], [86, 4724.460911111863], [88, 4860.234819569603], [90, 4574.749986302341]]}