{"train": [[0, 0.7113585008816286, 0.4036762610430322, 13.401791562817314]], "val": [[0, 0.6799133660945487, 0.4616672246401071, 16.593394035988666]]}{"train": [[0, 0.7074991274963726, 0.4507694499857509, 15.117959189414979]], "val": [[0, 0.7241902769880092, 0.34951456310679613, 14.373807075175833]]}{"train": [[0, 0.7074991274963726, 0.4507694499857509, 15.117959189414979], [1, 0.6276011494073, 0.5770162439441436, 23.150731364163484]], "val": [[0, 0.7241902769880092, 0.34951456310679613, 14.373807075175833], [1, 0.778804895725656, 0.381653833277536, 13.50471214537925]]}{"train": [[0, 0.7074991274963726, 0.4507694499857509, 15.117959189414979], [1, 0.6276011494073, 0.5770162439441436, 23.150731364163484], [2, 0.5880037632855502, 0.6551724137931034, 27.476720610531892]], "val": [[0, 0.7241902769880092, 0.34951456310679613, 14.373807075175833], [1, 0.778804895725656, 0.381653833277536, 13.50471214537925], [2, 0.7634115320570926, 0.40040174087713426, 16.074887458314286]]}{"train": [[0, 0.7074991274963726, 0.4507694499857509, 15.117959189414979], [1, 0.6276011494073, 0.5770162439441436, 23.150731364163484], [2, 0.5880037632855502, 0.6551724137931034, 27.476720610531892], [3, 0.5499361509626562, 0.7046166999145056, 31.655411954359575]], "val": [[0, 0.7241902769880092, 0.34951456310679613, 14.373807075175833], [1, 0.778804895725656, 0.381653833277536, 13.50471214537925], [2, 0.7634115320570926, 0.40040174087713426, 16.074887458314286], [3, 0.8007413846381167, 0.44291931704050885, 18.02724166626626]]}{"train": [[0, 0.7074991274963726, 0.4507694499857509, 15.117959189414979], [1, 0.6276011494073, 0.5770162439441436, 23.150731364163484], [2, 0.5880037632855502, 0.6551724137931034, 27.476720610531892], [3, 0.5499361509626562, 0.7046166999145056, 31.655411954359575], [4, 0.5283504930409518, 0.7287688800227985, 33.811828656630084]], "val": [[0, 0.7241902769880092, 0.34951456310679613, 14.373807075175833], [1, 0.778804895725656, 0.381653833277536, 13.50471214537925], [2, 0.7634115320570926, 0.40040174087713426, 16.074887458314286], [3, 0.8007413846381167, 0.44291931704050885, 18.02724166626626], [4, 0.7992233786177128, 0.4432541011047874, 18.230989577922415]]}{"train": [[0, 0.7074991274963726, 0.4507694499857509, 15.117959189414979], [1, 0.6276011494073, 0.5770162439441436, 23.150731364163484], [2, 0.5880037632855502, 0.6551724137931034, 27.476720610531892], [3, 0.5499361509626562, 0.7046166999145056, 31.655411954359575], [4, 0.5283504930409518, 0.7287688800227985, 33.811828656630084], [5, 0.5237447326833552, 0.7393131946423482, 34.2668685652993]], "val": [[0, 0.7241902769880092, 0.34951456310679613, 14.373807075175833], [1, 0.778804895725656, 0.381653833277536, 13.50471214537925], [2, 0.7634115320570926, 0.40040174087713426, 16.074887458314286], [3, 0.8007413846381167, 0.44291931704050885, 18.02724166626626], [4, 0.7992233786177128, 0.4432541011047874, 18.230989577922415], [5, 0.8414895699379292, 0.4315366588550385, 17.120513773979024]]}{"train": [[0, 0.7074991274963726, 0.4507694499857509, 15.117959189414979], [1, 0.6276011494073, 0.5770162439441436, 23.150731364163484], [2, 0.5880037632855502, 0.6551724137931034, 27.476720610531892], [3, 0.5499361509626562, 0.7046166999145056, 31.655411954359575], [4, 0.5283504930409518, 0.7287688800227985, 33.811828656630084], [5, 0.5237447326833552, 0.7393131946423482, 34.2668685652993], [6, 0.5174789388071407, 0.7525648332858365, 34.927502085945825]], "val": [[0, 0.7241902769880092, 0.34951456310679613, 14.373807075175833], [1, 0.778804895725656, 0.381653833277536, 13.50471214537925], [2, 0.7634115320570926, 0.40040174087713426, 16.074887458314286], [3, 0.8007413846381167, 0.44291931704050885, 18.02724166626626], [4, 0.7992233786177128, 0.4432541011047874, 18.230989577922415], [5, 0.8414895699379292, 0.4315366588550385, 17.120513773979024], [6, 0.745610516122047, 0.4683629059256779, 20.005204423945]]}{"train": [[0, 0.7074991274963726, 0.4507694499857509, 15.117959189414979], [1, 0.6276011494073, 0.5770162439441436, 23.150731364163484], [2, 0.5880037632855502, 0.6551724137931034, 27.476720610531892], [3, 0.5499361509626562, 0.7046166999145056, 31.655411954359575], [4, 0.5283504930409518, 0.7287688800227985, 33.811828656630084], [5, 0.5237447326833552, 0.7393131946423482, 34.2668685652993], [6, 0.5174789388071407, 0.7525648332858365, 34.927502085945825], [7, 0.5149181141094727, 0.7600455970361927, 35.42844244350086]], "val": [[0, 0.7241902769880092, 0.34951456310679613, 14.373807075175833], [1, 0.778804895725656, 0.381653833277536, 13.50471214537925], [2, 0.7634115320570926, 0.40040174087713426, 16.074887458314286], [3, 0.8007413846381167, 0.44291931704050885, 18.02724166626626], [4, 0.7992233786177128, 0.4432541011047874, 18.230989577922415], [5, 0.8414895699379292, 0.4315366588550385, 17.120513773979024], [6, 0.745610516122047, 0.4683629059256779, 20.005204423945], [7, 0.8205707276121099, 0.3635754938064948, 15.111120284871852]]}{"train": [[0, 0.7074991274963726, 0.4507694499857509, 15.117959189414979], [1, 0.6276011494073, 0.5770162439441436, 23.150731364163484], [2, 0.5880037632855502, 0.6551724137931034, 27.476720610531892], [3, 0.5499361509626562, 0.7046166999145056, 31.655411954359575], [4, 0.5283504930409518, 0.7287688800227985, 33.811828656630084], [5, 0.5237447326833552, 0.7393131946423482, 34.2668685652993], [6, 0.5174789388071407, 0.7525648332858365, 34.927502085945825], [7, 0.5149181141094727, 0.7600455970361927, 35.42844244350086], [8, 0.5082773520187898, 0.7750783699059561, 36.08302700736306]], "val": [[0, 0.7241902769880092, 0.34951456310679613, 14.373807075175833], [1, 0.778804895725656, 0.381653833277536, 13.50471214537925], [2, 0.7634115320570926, 0.40040174087713426, 16.074887458314286], [3, 0.8007413846381167, 0.44291931704050885, 18.02724166626626], [4, 0.7992233786177128, 0.4432541011047874, 18.230989577922415], [5, 0.8414895699379292, 0.4315366588550385, 17.120513773979024], [6, 0.745610516122047, 0.4683629059256779, 20.005204423945], [7, 0.8205707276121099, 0.3635754938064948, 15.111120284871852], [8, 0.7213448463602269, 0.518580515567459, 21.67664239761677]]}{"train": [[0, 0.7074991274963726, 0.4507694499857509, 15.117959189414979], [1, 0.6276011494073, 0.5770162439441436, 23.150731364163484], [2, 0.5880037632855502, 0.6551724137931034, 27.476720610531892], [3, 0.5499361509626562, 0.7046166999145056, 31.655411954359575], [4, 0.5283504930409518, 0.7287688800227985, 33.811828656630084], [5, 0.5237447326833552, 0.7393131946423482, 34.2668685652993], [6, 0.5174789388071407, 0.7525648332858365, 34.927502085945825], [7, 0.5149181141094727, 0.7600455970361927, 35.42844244350086], [8, 0.5082773520187898, 0.7750783699059561, 36.08302700736306], [9, 0.4927442547949878, 0.786477628954118, 37.91313522512262]], "val": [[0, 0.7241902769880092, 0.34951456310679613, 14.373807075175833], [1, 0.778804895725656, 0.381653833277536, 13.50471214537925], [2, 0.7634115320570926, 0.40040174087713426, 16.074887458314286], [3, 0.8007413846381167, 0.44291931704050885, 18.02724166626626], [4, 0.7992233786177128, 0.4432541011047874, 18.230989577922415], [5, 0.8414895699379292, 0.4315366588550385, 17.120513773979024], [6, 0.745610516122047, 0.4683629059256779, 20.005204423945], [7, 0.8205707276121099, 0.3635754938064948, 15.111120284871852], [8, 0.7213448463602269, 0.518580515567459, 21.67664239761677], [9, 0.7005805043464012, 0.5473719450954134, 22.831614392869017]]}