{"train": [[0, 0.7651274068789049, 0.33699059561128525, 9.65340770374645]], "val": [[0, 0.7468285776199178, 0.3418145296283897, 9.573075771331787]]}