{"train": [[0, -4.620624462311918, 1.0, 0.009999999763874725]], "val": [[0, -6.302584982932882, 1.0, 0.009999999782094838]]}