{"train": [[0, 57320.5078125], [1, 71528.4453125], [2, 66306.8203125], [3, 53298.10546875], [4, 52534.91796875], [5, 48428.20703125], [6, 54629.53125], [7, 55429.296875]], "val": [[0, 74240.46640625]]}