{"train": [[0, 0.7262492877407878, 0.6705614135081219, 29.02519138527351]], "val": [[0, 0.8501126281717882, 0.6501506528289254, 26.185697565741716]]}{"train": [[0, 0.7262492877407878, 0.6705614135081219, 29.02519138527351], [1, 0.4800670925943618, 0.8911370760900541, 46.14334785965418]], "val": [[0, 0.8501126281717882, 0.6501506528289254, 26.185697565741716], [1, 0.9440748248508269, 0.6360897221292267, 30.191514550683333]]}