{"train": [[0, 0.7990732596679168, 0.4109432886862354, 9.421654379367828], [1, 0.7227856885303151, 0.46323738956967797, 14.277663079175083], [2, 0.6721177773042158, 0.5750213736107153, 20.03297145583413], [3, 0.6289459350434217, 0.6250356226845255, 25.022240248593416], [4, 0.5955212620171634, 0.6692077514961527, 28.412410059842195], [5, 0.5700093261220238, 0.7029068110572813, 30.953918092901056], [6, 0.5484327134760943, 0.7279851809632374, 33.05607930096713], [7, 0.5226338031617078, 0.7696637218580792, 35.69159360365434]], "val": [[0, 0.7801870729060884, 0.40977569467693337, 10.311542277640484], [1, 0.7694406014807681, 0.38366253766320724, 11.52803674657294], [2, 0.7655190964962574, 0.35821894877803817, 13.912150727941635], [3, 0.7605554918025402, 0.3675929025778373, 14.184797571060505], [4, 0.7698666516770708, 0.3411449614998326, 13.551104505011375], [5, 0.7822284584349775, 0.37562772012052226, 14.74385446183225], [6, 0.7929719762599214, 0.4024104452628055, 15.268458630176301], [7, 0.80200387569184, 0.3619015734851021, 14.542592515336706]]}