{"train": [[0, 0.7376040011644364, 0.42768595041322316, 11.760941436073997], [1, 0.6809955176982012, 0.4883870048446851, 16.88566480549899], [2, 0.6536824142391031, 0.5512254203476774, 20.699867512963035], [3, 0.6441578060388565, 0.567398119122257, 21.57480865391818], [4, 0.6318859655748714, 0.5780136791108578, 22.996054233204234]], "val": [[0, 0.8090116432372559, 0.4074322062269836, 9.2047829526536], [1, 0.7436180127427933, 0.33746233679276866, 12.972665644706563], [2, 0.7316608834773937, 0.3776364245061935, 14.332111561552008], [3, 0.7097023966464591, 0.40843655841981924, 17.025163427312325], [4, 0.7863651146280005, 0.265818547037161, 10.410882736774202]]}{"train": [[0, 0.7376040011644364, 0.42768595041322316, 11.760941436073997], [1, 0.6809955176982012, 0.4883870048446851, 16.88566480549899], [2, 0.6536824142391031, 0.5512254203476774, 20.699867512963035], [3, 0.6441578060388565, 0.567398119122257, 21.57480865391818], [4, 0.6318859655748714, 0.5780136791108578, 22.996054233204234], [5, 0.6259031986648386, 0.5889854659447136, 23.449470853805543], [6, 1.1536493249914863, 0.5295668281561698, 20.45622296333313]], "val": [[0, 0.8090116432372559, 0.4074322062269836, 9.2047829526536], [1, 0.7436180127427933, 0.33746233679276866, 12.972665644706563], [2, 0.7316608834773937, 0.3776364245061935, 14.332111561552008], [3, 0.7097023966464591, 0.40843655841981924, 17.025163427312325], [4, 0.7863651146280005, 0.265818547037161, 10.410882736774202], [6, 31.277049653073576, 0.1925008369601607, 8.227156765917515]]}{"train": [[0, 0.7473677648739381, 0.6738387004844685, 27.837175902453335]], "val": [[0, 0.8999356183599918, 0.5306327418814865, 20.04711767967711]]}{"train": [[0, 0.7473677648739381, 0.6738387004844685, 27.837175902453335], [1, 0.4737096820365299, 0.8981191222570533, 46.73833541870117]], "val": [[0, 0.8999356183599918, 0.5306327418814865, 20.04711767967711], [1, 1.1895191758236987, 0.46903247405423504, 20.27140759407206]]}