{"train": [[0, 17845.719088541668], [1, 12906.232565104166], [2, 11515.474114583334], [3, 10856.041380208333], [4, 10153.1330078125], [5, 9220.94203125], [6, 8214.311588541666], [7, 7511.703899739583], [8, 6726.824205729166], [9, 6219.875455729167], [10, 5706.999182942708], [11, 5174.225719401042], [12, 4754.2647884114585], [13, 4506.81751953125], [14, 4165.976416015625], [15, 3960.7808365885417], [16, 3754.0558333333333], [17, 3599.573818359375], [18, 3332.846962890625], [19, 3249.923841145833], [20, 3001.7696907552086], [21, 2898.6083072916667], [22, 2736.1897135416666], [23, 2696.3831673177083], [24, 2538.05435546875]], "val": [[0, 10432.86083984375], [2, 9533.774169921875], [4, 8309.212622070312], [6, 6824.697827148438], [8, 6296.366235351563], [10, 8268.448071289062], [12, 5893.092797851563], [14, 6426.7154541015625], [16, 6743.652270507812], [18, 5872.687280273438], [20, 5689.77255859375], [22, 5754.697509765625], [24, 6478.829736328125]]}