{"train": [[0, 1.2557792935121574, 0.8034174742011655, 1.2557792935121574], [1, 0.27891601016214607, 0.40225261208815566, 0.27891601016214607], [2, 0.16706316683076508, 0.32147503002697353, 0.16706316683076508], [3, 0.13338986749427736, 0.2898473629477627, 0.13338986749427736], [4, 0.20026971353111886, 0.33624304018083084, 0.20026971353111886]], "val": [[0, 2.6991023205696267, 1.3495850182594138, 2.6991023205696267], [1, 2.2839649408421616, 1.237146387708948, 2.2839649408421616], [2, 2.200039280221817, 1.2154028897589826, 2.200039280221817], [3, 2.184523858922593, 1.234438343251005, 2.184523858922593], [4, 2.2355376329827816, 1.2209903914877709, 2.2355376329827816]]}