{"train": [[0, 0.2848501300269907, 0.4279709318894272, 14.320475408976728]], "val": [[0, 0.27580077280389503, 0.37730164044191494, 12.634783156374668]]}{"train": [[0, 0.2848501300269907, 0.4279709318894272, 14.320475408976728], [1, 0.2543322838165543, 0.5118979766315189, 16.71593089537187]], "val": [[0, 0.27580077280389503, 0.37730164044191494, 12.634783156374668], [1, 0.27495720602096396, 0.4405758285905591, 13.549212902150256]]}{"train": [[0, 0.279894741285931, 0.4425762325448846, 13.534824456951835]], "val": [[0, 0.28760857150909747, 0.3826581854703716, 13.139381408691406]]}{"train": [[0, 0.279894741285931, 0.4425762325448846, 13.534824456951835], [1, 0.2584139544178139, 0.5114705044172129, 15.929282470182939]], "val": [[0, 0.28760857150909747, 0.3826581854703716, 13.139381408691406], [1, 0.27846834126939163, 0.39404084365584197, 12.72020652446341]]}{"train": [[0, 0.279894741285931, 0.4425762325448846, 13.534824456951835], [1, 0.2584139544178139, 0.5114705044172129, 15.929282470182939], [2, 0.24931919926946813, 0.5533627814192078, 17.59917097525163]], "val": [[0, 0.28760857150909747, 0.3826581854703716, 13.139381408691406], [1, 0.27846834126939163, 0.39404084365584197, 12.72020652446341], [2, 0.2983568057100824, 0.4017408771342484, 13.706303413878096]]}{"train": [[0, 0.279894741285931, 0.4425762325448846, 13.534824456951835], [1, 0.2584139544178139, 0.5114705044172129, 15.929282470182939], [2, 0.24931919926946813, 0.5533627814192078, 17.59917097525163], [3, 0.24228360172022473, 0.5805072670276432, 19.020051102204757]], "val": [[0, 0.28760857150909747, 0.3826581854703716, 13.139381408691406], [1, 0.27846834126939163, 0.39404084365584197, 12.72020652446341], [2, 0.2983568057100824, 0.4017408771342484, 13.706303413878096], [3, 0.3038084145556105, 0.4368932038834951, 14.680604691201069]]}{"train": [[0, 0.279894741285931, 0.4425762325448846, 13.534824456951835], [1, 0.2584139544178139, 0.5114705044172129, 15.929282470182939], [2, 0.24931919926946813, 0.5533627814192078, 17.59917097525163], [3, 0.24228360172022473, 0.5805072670276432, 19.020051102204757], [4, 0.23614169691096654, 0.6011684240524366, 20.46148068254644]], "val": [[0, 0.28760857150909747, 0.3826581854703716, 13.139381408691406], [1, 0.27846834126939163, 0.39404084365584197, 12.72020652446341], [2, 0.2983568057100824, 0.4017408771342484, 13.706303413878096], [3, 0.3038084145556105, 0.4368932038834951, 14.680604691201069], [4, 0.31028277569628776, 0.456645463675929, 16.27449934533302]]}{"train": [[0, 0.279894741285931, 0.4425762325448846, 13.534824456951835], [1, 0.2584139544178139, 0.5114705044172129, 15.929282470182939], [2, 0.24931919926946813, 0.5533627814192078, 17.59917097525163], [3, 0.24228360172022473, 0.5805072670276432, 19.020051102204757], [4, 0.23614169691096654, 0.6011684240524366, 20.46148068254644], [5, 0.23104317526925694, 0.6174836135651183, 21.4975888338956]], "val": [[0, 0.28760857150909747, 0.3826581854703716, 13.139381408691406], [1, 0.27846834126939163, 0.39404084365584197, 12.72020652446341], [2, 0.2983568057100824, 0.4017408771342484, 13.706303413878096], [3, 0.3038084145556105, 0.4368932038834951, 14.680604691201069], [4, 0.31028277569628776, 0.456645463675929, 16.27449934533302], [5, 0.3583312231175443, 0.4141278875125544, 15.126184463500977]]}{"train": [[0, 0.279894741285931, 0.4425762325448846, 13.534824456951835], [1, 0.2584139544178139, 0.5114705044172129, 15.929282470182939], [2, 0.24931919926946813, 0.5533627814192078, 17.59917097525163], [3, 0.24228360172022473, 0.5805072670276432, 19.020051102204757], [4, 0.23614169691096654, 0.6011684240524366, 20.46148068254644], [5, 0.23104317526925694, 0.6174836135651183, 21.4975888338956], [6, 0.22713797343048184, 0.6345112567683101, 22.968097899176858]], "val": [[0, 0.28760857150909747, 0.3826581854703716, 13.139381408691406], [1, 0.27846834126939163, 0.39404084365584197, 12.72020652446341], [2, 0.2983568057100824, 0.4017408771342484, 13.706303413878096], [3, 0.3038084145556105, 0.4368932038834951, 14.680604691201069], [4, 0.31028277569628776, 0.456645463675929, 16.27449934533302], [5, 0.3583312231175443, 0.4141278875125544, 15.126184463500977], [6, 0.35923086011663397, 0.481419484432541, 17.261178909464086]]}{"train": [[0, 0.279894741285931, 0.4425762325448846, 13.534824456951835], [1, 0.2584139544178139, 0.5114705044172129, 15.929282470182939], [2, 0.24931919926946813, 0.5533627814192078, 17.59917097525163], [3, 0.24228360172022473, 0.5805072670276432, 19.020051102204757], [4, 0.23614169691096654, 0.6011684240524366, 20.46148068254644], [5, 0.23104317526925694, 0.6174836135651183, 21.4975888338956], [6, 0.22713797343048184, 0.6345112567683101, 22.968097899176858], [7, 0.22222545207901434, 0.6615844970076945, 24.35136189894243]], "val": [[0, 0.28760857150909747, 0.3826581854703716, 13.139381408691406], [1, 0.27846834126939163, 0.39404084365584197, 12.72020652446341], [2, 0.2983568057100824, 0.4017408771342484, 13.706303413878096], [3, 0.3038084145556105, 0.4368932038834951, 14.680604691201069], [4, 0.31028277569628776, 0.456645463675929, 16.27449934533302], [5, 0.3583312231175443, 0.4141278875125544, 15.126184463500977], [6, 0.35923086011663397, 0.481419484432541, 17.261178909464086], [7, 0.3772801572972156, 0.4683629059256779, 16.93511027478157]]}{"train": [[0, 0.279894741285931, 0.4425762325448846, 13.534824456951835], [1, 0.2584139544178139, 0.5114705044172129, 15.929282470182939], [2, 0.24931919926946813, 0.5533627814192078, 17.59917097525163], [3, 0.24228360172022473, 0.5805072670276432, 19.020051102204757], [4, 0.23614169691096654, 0.6011684240524366, 20.46148068254644], [5, 0.23104317526925694, 0.6174836135651183, 21.4975888338956], [6, 0.22713797343048184, 0.6345112567683101, 22.968097899176858], [7, 0.22222545207901434, 0.6615844970076945, 24.35136189894243], [8, 0.2155077870596539, 0.6921487603305785, 26.449097537994383]], "val": [[0, 0.28760857150909747, 0.3826581854703716, 13.139381408691406], [1, 0.27846834126939163, 0.39404084365584197, 12.72020652446341], [2, 0.2983568057100824, 0.4017408771342484, 13.706303413878096], [3, 0.3038084145556105, 0.4368932038834951, 14.680604691201069], [4, 0.31028277569628776, 0.456645463675929, 16.27449934533302], [5, 0.3583312231175443, 0.4141278875125544, 15.126184463500977], [6, 0.35923086011663397, 0.481419484432541, 17.261178909464086], [7, 0.3772801572972156, 0.4683629059256779, 16.93511027478157], [8, 0.342271939871159, 0.4000669568128557, 15.387490272521973]]}{"train": [[0, 0.279894741285931, 0.4425762325448846, 13.534824456951835], [1, 0.2584139544178139, 0.5114705044172129, 15.929282470182939], [2, 0.24931919926946813, 0.5533627814192078, 17.59917097525163], [3, 0.24228360172022473, 0.5805072670276432, 19.020051102204757], [4, 0.23614169691096654, 0.6011684240524366, 20.46148068254644], [5, 0.23104317526925694, 0.6174836135651183, 21.4975888338956], [6, 0.22713797343048184, 0.6345112567683101, 22.968097899176858], [7, 0.22222545207901434, 0.6615844970076945, 24.35136189894243], [8, 0.2155077870596539, 0.6921487603305785, 26.449097537994383], [9, 0.2074442592534152, 0.7267027643203192, 28.87766812064431]],