{"train": [[0, 24425.279436383928], [1, 24366.88309151786], [2, 19702.329031808036], [3, 16754.61359514509], [4, 14207.957101004464], [5, 19116.829938616072], [6, 17032.237688337053], [7, 13695.390799386161], [8, 15193.681082589286]], "val": [[0, 13773.316314395111]]}