{"train": [[0, 0.01756313948849724, 1.0, 91.31385681845926, 0.004121947480598465, 0.013441192028536037, 0.1879088772291487], [1, 0.01192914956164631, 1.0, 91.03387565612793, 0.004789932132751511, 0.007139217447150837, 0.14198263622820378], [2, 0.010471713995899667, 1.0, 91.0032247023149, 0.004719732140868225, 0.005751981825398451, 0.12748659290373326], [3, 0.008447600359266455, 1.0, 91.37689507224343, 0.00341472826548852, 0.005032872092190452, 0.11875085346400738], [4, 0.008269189814613625, 1.0, 91.27851860739968, 0.003685290060556409, 0.0045838997582905, 0.11303649334744974], [5, 0.007472116708628494, 1.0, 91.21802607449618, 0.003444890586913309, 0.004027226124890149, 0.10655764524232257], [6, 0.008480259579267692, 1.0, 91.1328783902255, 0.004858061048964208, 0.0036221985207785935, 0.10110584934326736], [7, 0.007280640259639106, 1.0, 91.34046648198908, 0.0039999539810444485, 0.0032806862822987817, 0.09582486196675084], [8, 0.006620443608103828, 1.0, 91.4208946574818, 0.0036978601022962143, 0.0029225834894036364, 0.09077259061688726], [9, 0.00641059686048803, 1.0, 91.25170229131525, 0.0036467833166666836, 0.0027638135403818026, 0.08801239075308497], [10, 0.005510904929939319, 1.0, 91.3514573877508, 0.0029916465769267895, 0.002519258367829025, 0.0843186831948432], [11, 0.006915586292532019, 1.0, 91.04198143698953, 0.0044150248360396785, 0.002500561425801028, 0.08386163007129323], [12, 0.006825732239733704, 1.0, 91.31327209472656, 0.004572506465906785, 0.00225322577488524, 0.07981155560436574], [13, 0.005529488726857711, 1.0, 91.27245296131481, 0.0033910172430544412, 0.0021384714933281594, 0.07793175400319424], [14, 0.004716378307520327, 1.0, 91.59290431629528, 0.002731970179857771, 0.0019844081236938525, 0.07529139202088117], [15, 0.005273838026914746, 1.0, 91.24455982555043, 0.003342388493580405, 0.0019314495169303633, 0.0746775710447268], [16, 0.006079286605712365, 0.999928754630949, 91.32475235678933, 0.004109015012694396, 0.001970271582037888, 0.0749874771995978], [17, 0.0057035995255732405, 1.0, 91.34954806241122, 0.0038763125898020174, 0.001827286935771223, 0.07281747887080366], [18, 0.0036266986217180436, 1.0, 91.7855997952548, 0.0018221323663469363, 0.0018045662362551824, 0.07192508769644933]], "val": [[0, 0.5466452836990356, 0.850016739203214, 53.571766954787236, 0.5124177019646827, 0.03422758157582993, 0.34089516642245843], [1, 0.5299712400487129, 0.8540341479745565, 51.51115563575258, 0.5001749091960014, 0.029796333428710065, 0.31632706459532395], [2, 0.5420975748528826, 0.847003682624707, 51.21106484595766, 0.5255813566928215, 0.016516214395140078, 0.22659895426415383], [3, 0.5367646350505504, 0.8473384666889856, 52.217377926440946, 0.5198651748768827, 0.01689945999532938, 0.2321843425644205], [4, 0.522791308925507, 0.8496819551389354, 51.00312285727643, 0.5081516421855764, 0.014639666264361523, 0.21078515179613802], [5, 0.5665514760829032, 0.8446601941747572, 52.557429455696266, 0.5548022877662739, 0.01174918847515228, 0.18679079730459985], [6, 0.5019275279755288, 0.8637428858386341, 53.53776225637883, 0.4917080858920483, 0.01021944508550966, 0.17321035709786922], [7, 0.5552987240730448, 0.8577167726816204, 52.43035247478079, 0.5441484153270721, 0.011150306269050912, 0.18222699013162166], [8, 0.5490904044597706, 0.8640776699029126, 52.20764030294215, 0.5380133016312376, 0.011077107703115078, 0.1812775708893512], [9, 0.5572011730772384, 0.8610646133244058, 51.40315977055976, 0.5470121559944559, 0.010189018816627721, 0.17110690379396398], [10, 0.5962921121018998, 0.8523602276531637, 51.636603010461684, 0.5873345967302931, 0.008957513390069312, 0.15872689606027401], [11, 0.5654787725590645, 0.8379645128891865, 49.42289311835106, 0.5551450804192969, 0.010333694715766197, 0.17535567188516576], [12, 0.6886739705471282, 0.8302644794107801, 49.48404352715675, 0.6761610951829464, 0.01251287120295332, 0.19213425796082678], [13, 0.5937802861345575, 0.8118513558754603, 48.5922008270913, 0.5837649506457309, 0.010015333120889485, 0.1633470540351056], [14, 0.5969433638643711, 0.8198861734181453, 49.05779266357422, 0.5873239915421669, 0.009619377048170947, 0.1612980841322148], [15, 0.6056078913364005, 0.8366253766320723, 49.4552976730022, 0.5956975506975296, 0.009910342709577464, 0.16411140339171632], [16, 0.5590954277109592, 0.8526950117174422, 50.93540516305477, 0.5511111528315442, 0.00798427551350695, 0.14615791544635245], [17, 0.5921170090107207, 0.8275862068965517, 48.72458121117125, 0.5820622349039037, 0.01005477179832598, 0.16678221618875544], [18, 0.5712212197324062, 0.8536993639102779, 51.39444481058324, 0.5617518120623649, 0.009469406273057486, 0.1605848362471195]]}