{"train": [[0, 0.23064808997247105, 0.5090481618694784, 19.56622220470585]], "val": [[0, 0.2830511031941297, 0.373619015734851, 13.568106633456633]]}{"train": [[0, 0.23064808997247105, 0.5090481618694784, 19.56622220470585], [1, 0.21267588558799858, 0.5961100028498147, 24.515371592006815]], "val": [[0, 0.2830511031941297, 0.373619015734851, 13.568106633456633], [1, 0.2453266789409566, 0.4589889521258788, 17.10515056191919]]}{"train": [[0, 0.23064808997247105, 0.5090481618694784, 19.56622220470585], [1, 0.21267588558799858, 0.5961100028498147, 24.515371592006815], [2, 0.20358623876522777, 0.640567113137646, 27.697712211782676]], "val": [[0, 0.2830511031941297, 0.373619015734851, 13.568106633456633], [1, 0.2453266789409566, 0.4589889521258788, 17.10515056191919], [2, 0.24015253128852437, 0.49146300636089724, 20.09588173748975]]}{"train": [[0, 0.23064808997247105, 0.5090481618694784, 19.56622220470585], [1, 0.21267588558799858, 0.5961100028498147, 24.515371592006815], [2, 0.20358623876522777, 0.640567113137646, 27.697712211782676], [3, 0.19548520970249503, 0.6848104873183243, 30.349346415057]], "val": [[0, 0.2830511031941297, 0.373619015734851, 13.568106633456633], [1, 0.2453266789409566, 0.4589889521258788, 17.10515056191919], [2, 0.24015253128852437, 0.49146300636089724, 20.09588173748975], [3, 0.2865559957562921, 0.3170405088717777, 12.513321483836455]]}{"train": [[0, 0.23064808997247105, 0.5090481618694784, 19.56622220470585], [1, 0.21267588558799858, 0.5961100028498147, 24.515371592006815], [2, 0.20358623876522777, 0.640567113137646, 27.697712211782676], [3, 0.19548520970249503, 0.6848104873183243, 30.349346415057], [4, 0.18749269381470995, 0.7238529495582787, 33.2440718702955]], "val": [[0, 0.2830511031941297, 0.373619015734851, 13.568106633456633], [1, 0.2453266789409566, 0.4589889521258788, 17.10515056191919], [2, 0.24015253128852437, 0.49146300636089724, 20.09588173748975], [3, 0.2865559957562921, 0.3170405088717777, 12.513321483836455], [4, 4.463482685586348, 0.2125878808168731, 7.640569645453264]]}