{"train": [[0, 24147.94921875], [1, 26406.4296875], [2, 13377.326171875], [3, 9850.2470703125], [4, 4872.423828125], [5, 5470.78564453125], [6, 5651.5087890625], [7, 2025.947265625], [8, 1588.6715087890625], [9, 2167.022705078125]], "val": [[0, 19553.3310546875]]}