{"train": [[0, 0.21953140266916968, 0.621687090339128, 25.01761736653068]], "val": [[0, 0.2631001821223726, 0.3675929025778373, 14.956280606858273]]}{"train": [[0, 0.21953140266916968, 0.621687090339128, 25.01761736653068], [1, 0.1471296849237247, 0.8880022798518097, 46.16777423511852]], "val": [[0, 0.2631001821223726, 0.3675929025778373, 14.956280606858273], [1, 0.28313046440165096, 0.5262805490458654, 20.456996045214066]]}{"train": [[0, 0.21953140266916968, 0.621687090339128, 25.01761736653068], [1, 0.1471296849237247, 0.8880022798518097, 46.16777423511852], [2, 0.11260582107034596, 0.9583214591051582, 57.532719525423914]], "val": [[0, 0.2631001821223726, 0.3675929025778373, 14.956280606858273], [1, 0.28313046440165096, 0.5262805490458654, 20.456996045214066], [2, 0.2654299193874319, 0.6601941747572816, 28.972391087958155]]}{"train": [[0, 0.21953140266916968, 0.621687090339128, 25.01761736653068], [1, 0.1471296849237247, 0.8880022798518097, 46.16777423511852], [2, 0.11260582107034596, 0.9583214591051582, 57.532719525423914], [3, 0.09126759909770706, 0.9828298660587061, 64.35258183912798]], "val": [[0, 0.2631001821223726, 0.3675929025778373, 14.956280606858273], [1, 0.28313046440165096, 0.5262805490458654, 20.456996045214066], [2, 0.2654299193874319, 0.6601941747572816, 28.972391087958155], [3, 0.32399048133099334, 0.5647807164378975, 25.50325267872912]]}