{"train": [[0, 2.4601318389177322, 1.1598024842815138, 2.4601318389177322], [1, 0.5762991293382265, 0.552269623803658, 0.5762991293382265], [2, 0.26961364717581277, 0.38781919729193687, 0.26961364717581277], [3, 0.16912065816360075, 0.3122484842166814, 0.16912065816360075], [4, 0.12394377250640158, 0.269857725972874, 0.12394377250640158], [5, 0.09841568120978009, 0.24112280407296768, 0.09841568120978009], [6, 0.08089475015895378, 0.21936064340802153, 0.08089475015895378], [7, 0.06876706718074706, 0.20234348010568792, 0.06876706718074706], [8, 0.060416148616964156, 0.189740624032694, 0.060416148616964156], [9, 0.05132275971463099, 0.17516675479455526, 0.05132275971463099], [10, 0.04540323333895356, 0.16458760616040718, 0.04540323333895356], [11, 0.04187239730488806, 0.15839068775737747, 0.04187239730488806], [12, 0.03781764767215436, 0.15036823408750305, 0.03781764767215436]], "val": [[0, 4.158458466225482, 1.687508727641816, 4.158458466225482], [1, 3.834233380378561, 1.6096596844652866, 3.834233380378561], [2, 4.025204308489536, 1.6427848643444953, 4.025204308489536], [3, 3.8586072465206716, 1.6165233647569697, 3.8586072465206716], [4, 3.7876781199840788, 1.6072777408234618, 3.7876781199840788], [5, 3.53845735813709, 1.5629851665902645, 3.53845735813709], [6, 3.391481724191219, 1.5358242405221818, 3.391481724191219], [7, 3.2278018200651126, 1.4968608541691557, 3.2278018200651126], [8, 3.0791829038173595, 1.4641485417142828, 3.0791829038173595], [9, 3.1530119865498643, 1.4860547578081171, 3.1530119865498643], [10, 2.9483878967609813, 1.4373194182172735, 2.9483878967609813], [11, 3.0229625803359013, 1.4519901275634766, 3.0229625803359013], [12, 2.944002278307651, 1.432994210973699, 2.944002278307651]]}