{"train": [[0, 0.025188240739093586, 0.15773724707893988], [1, 0.02079013365913521, 0.18402678825876317], [2, 0.020304659610106187, 0.2554858934169279], [3, 0.02014070108363574, 0.31910800797948136], [4, 0.019964416392824865, 0.38565118267312626], [5, 0.01979558500037952, 0.45290681105728126], [6, 0.01965662691403519, 0.4957252778569393], [7, 0.01952813271941109, 0.5394699344542605], [8, 0.01939878555184061, 0.5812197207181533], [9, 0.01929150369356979, 0.6130664006839556], [10, 0.019236854802478442, 0.6167711598746082], [11, 0.019101448653435164, 0.6511826731262468], [12, 0.019167198240756987, 0.6473354231974922], [13, 0.019025018396364016, 0.6705614135081219], [14, 0.018989430511878295, 0.6761897976631519]], "val": [[0, 0.02524722640977261, 0.13090056913290926], [1, 0.024716159764756548, 0.16303983930364915], [2, 0.023835000284808748, 0.20020087043856713], [3, 0.023994838343338765, 0.21191831268831604], [4, 0.023393974223352494, 0.2296618680950787], [5, 0.022735806855749576, 0.24271844660194175], [6, 0.022767249375898788, 0.25677937730164047], [7, 0.022737689871103205, 0.25075326414462673], [8, 0.02271434502240191, 0.26012721794442584], [9, 0.022339995712675947, 0.25209240040174086], [10, 0.022249047822774724, 0.24640107130900568], [11, 0.02230076678097248, 0.25711416136591897], [12, 0.021828036319385184, 0.24573150318044862], [13, 0.02192805917497645, 0.23870103783059926], [14, 0.02216090519536049, 0.21560093739537997]]}