{"train": [[0, 0.020017802774702498], [1, 0.019253997038837716], [2, 0.019139912429187184], [3, 0.018900592389234378], [4, 0.018688795612891607], [5, 0.018506903069810877], [6, 0.018295624741015783], [7, 0.01821531034191404], [8, 0.01804838172140996], [9, 0.01791457556493597], [10, 0.017791595505147424], [11, 0.017662988093115204], [12, 0.017511374094355894], [13, 0.01736276778806179], [14, 0.017245016139263717], [15, 0.01707658953625276], [16, 0.016917832963728688], [17, 0.016747851081718616], [18, 0.016531805484502626], [19, 0.01639739872043388], [20, 0.016237666758290727], [21, 0.015965994837819037], [22, 0.01577261462595509], [23, 0.01561553342212713], [24, 0.015518061977923596], [25, 0.015327049881762958], [26, 0.015197083472798245], [27, 0.015089792477344597], [28, 0.015011506443652314], [29, 0.014892651644325338], [30, 0.014810298062470617], [31, 0.01471802831578635], [32, 0.014844665218967783], [33, 0.014572526616784733], [34, 0.014483309255441935], [35, 0.014436967594544816], [36, 0.014483584803879125], [37, 0.014386511800263357], [38, 0.01436248625965963], [39, 0.01430493607217603], [40, 0.014317573652791543], [41, 0.014329349115100564], [42, 0.01425467850534343], [43, 0.014255175161215737]], "val": [[0, 0.021335782166174117], [20, 0.020476700896595385], [40, 0.023045957682931675]]}