{"train": [[0, 2.4869842951947994, 1.2028365089134736, 2.4869842951947994], [1, 0.7023232741789385, 0.6258293416012417, 0.7023232741789385]], "val": [[0, 2.6954865201990654, 1.3041802873002721, 2.6954865201990654], [1, 2.805964287291182, 1.3258991926274402, 2.805964287291182]]}