{"train": [[0, 0.2275971833955158, 0.5842832715873468, 22.67210159301758], [1, 0.15701200887560846, 0.85986035907666, 43.34402165846391]], "val": [[0, 0.23039239803527264, 0.555741546702377, 21.08431807984697], [1, 0.2162392497696775, 0.6668898560428523, 28.670997781956448]]}