{"train": [[0, 0.658660093943278, 0.007142857142857143, 0.0, 0.09191176295280457]], "val": [[0, 0.6383813213794789, 0.007365249414127887, 0.005356545028456646, 0.07461640238761902]]}{"train": [[0, 0.658660093943278, 0.007142857142857143, 0.0, 0.09191176295280457], [1, 0.4177967607975006, 0.014285714285714285, 0.014285714285714285, 0.27202168107032776]], "val": [[0, 0.6383813213794789, 0.007365249414127887, 0.005356545028456646, 0.07461640238761902], [1, 0.276491347145527, 0.009373953799799129, 0.0006695681285570807, 0.22300106508934753]]}{"train": [[0, 0.658660093943278, 0.007142857142857143, 0.0, 0.09191176295280457], [1, 0.4177967607975006, 0.014285714285714285, 0.014285714285714285, 0.27202168107032776], [2, 0.13288437078396478, 0.0, 0.0, 0.07798573871453603]], "val": [[0, 0.6383813213794789, 0.007365249414127887, 0.005356545028456646, 0.07461640238761902], [1, 0.276491347145527, 0.009373953799799129, 0.0006695681285570807, 0.22300106508934753], [2, 0.04212033930928149, 0.00033478406427854036, 0.0, 0.20098186109928376]]}{"train": [[0, 0.658660093943278, 0.007142857142857143, 0.0, 0.09191176295280457], [1, 0.4177967607975006, 0.014285714285714285, 0.014285714285714285, 0.27202168107032776], [2, 0.13288437078396478, 0.0, 0.0, 0.07798573871453603], [3, 0.0279484074562788, 0.0, 0.0, 0.03063725431760152]], "val": [[0, 0.6383813213794789, 0.007365249414127887, 0.005356545028456646, 0.07461640238761902], [1, 0.276491347145527, 0.009373953799799129, 0.0006695681285570807, 0.22300106508934753], [2, 0.04212033930928149, 0.00033478406427854036, 0.0, 0.20098186109928376], [3, 0.038112595717006544, 0.010043521928356211, 0.0, 0.1534894606534471]]}{"train": [[0, 0.658660093943278, 0.007142857142857143, 0.0, 0.09191176295280457], [1, 0.4177967607975006, 0.014285714285714285, 0.014285714285714285, 0.27202168107032776], [2, 0.13288437078396478, 0.0, 0.0, 0.07798573871453603], [3, 0.0279484074562788, 0.0, 0.0, 0.03063725431760152], [4, 0.022849397733807564, 0.02142857142857143, 0.007142857142857143, 0.3165849645932515]], "val": [[0, 0.6383813213794789, 0.007365249414127887, 0.005356545028456646, 0.07461640238761902], [1, 0.276491347145527, 0.009373953799799129, 0.0006695681285570807, 0.22300106508934753], [2, 0.04212033930928149, 0.00033478406427854036, 0.0, 0.20098186109928376], [3, 0.038112595717006544, 0.010043521928356211, 0.0, 0.1534894606534471], [4, 0.03119918668365225, 0.015400066956812855, 0.008369601606963508, 0.34195373793865774]]}{"train": [[0, 0.658660093943278, 0.007142857142857143, 0.0, 0.09191176295280457], [1, 0.4177967607975006, 0.014285714285714285, 0.014285714285714285, 0.27202168107032776], [2, 0.13288437078396478, 0.0, 0.0, 0.07798573871453603], [3, 0.0279484074562788, 0.0, 0.0, 0.03063725431760152], [4, 0.022849397733807564, 0.02142857142857143, 0.007142857142857143, 0.3165849645932515], [5, 0.023579049855470657, 0.07142857142857142, 0.02142857142857143, 1.1033594608306885]], "val": [[0, 0.6383813213794789, 0.007365249414127887, 0.005356545028456646, 0.07461640238761902], [1, 0.276491347145527, 0.009373953799799129, 0.0006695681285570807, 0.22300106508934753], [2, 0.04212033930928149, 0.00033478406427854036, 0.0, 0.20098186109928376], [3, 0.038112595717006544, 0.010043521928356211, 0.0, 0.1534894606534471], [4, 0.03119918668365225, 0.015400066956812855, 0.008369601606963508, 0.34195373793865774], [5, 0.019547079313308634, 0.023769668563776363, 0.009039169735520589, 0.4691827135517242]]}{"train": [[0, 0.658660093943278, 0.007142857142857143, 0.0, 0.09191176295280457], [1, 0.4177967607975006, 0.014285714285714285, 0.014285714285714285, 0.27202168107032776], [2, 0.13288437078396478, 0.0, 0.0, 0.07798573871453603], [3, 0.0279484074562788, 0.0, 0.0, 0.03063725431760152], [4, 0.022849397733807564, 0.02142857142857143, 0.007142857142857143, 0.3165849645932515], [5, 0.023579049855470657, 0.07142857142857142, 0.02142857142857143, 1.1033594608306885], [6, 0.015587734058499336, 0.05, 0.02857142857142857, 1.1266225377718608]], "val": [[0, 0.6383813213794789, 0.007365249414127887, 0.005356545028456646, 0.07461640238761902], [1, 0.276491347145527, 0.009373953799799129, 0.0006695681285570807, 0.22300106508934753], [2, 0.04212033930928149, 0.00033478406427854036, 0.0, 0.20098186109928376], [3, 0.038112595717006544, 0.010043521928356211, 0.0, 0.1534894606534471], [4, 0.03119918668365225, 0.015400066956812855, 0.008369601606963508, 0.34195373793865774], [5, 0.019547079313308634, 0.023769668563776363, 0.009039169735520589, 0.4691827135517242], [6, 0.018025708959457723, 0.023769668563776363, 0.008704385671242048, 0.46161314845085144]]}{"train": [[0, 0.658660093943278, 0.007142857142857143, 0.0, 0.09191176295280457], [1, 0.4177967607975006, 0.014285714285714285, 0.014285714285714285, 0.27202168107032776], [2, 0.13288437078396478, 0.0, 0.0, 0.07798573871453603], [3, 0.0279484074562788, 0.0, 0.0, 0.03063725431760152], [4, 0.022849397733807564, 0.02142857142857143, 0.007142857142857143, 0.3165849645932515], [5, 0.023579049855470657, 0.07142857142857142, 0.02142857142857143, 1.1033594608306885], [6, 0.015587734058499336, 0.05, 0.02857142857142857, 1.1266225377718608], [7, 0.015449803632994493, 0.09285714285714286, 0.04285714285714286, 1.6514016389846802]], "val": [[0, 0.6383813213794789, 0.007365249414127887, 0.005356545028456646, 0.07461640238761902], [1, 0.276491347145527, 0.009373953799799129, 0.0006695681285570807, 0.22300106508934753], [2, 0.04212033930928149, 0.00033478406427854036, 0.0, 0.20098186109928376], [3, 0.038112595717006544, 0.010043521928356211, 0.0, 0.1534894606534471], [4, 0.03119918668365225, 0.015400066956812855, 0.008369601606963508, 0.34195373793865774], [5, 0.019547079313308634, 0.023769668563776363, 0.009039169735520589, 0.4691827135517242], [6, 0.018025708959457723, 0.023769668563776363, 0.008704385671242048, 0.46161314845085144], [7, 0.016931812140218754, 0.026782725142283227, 0.0063608972212922665, 0.50620558604281]]}