{"train": [[0, 0.7830183045430616, 0.3377030493017954, 7.694361827590249], [1, 0.7832257091999054, 0.33706184098033626, 7.632084462859414], [2, 0.7828780447894876, 0.34069535480193786, 7.775885044444691], [3, 0.7826029127294367, 0.33805927614705045, 7.800775577805259]], "val": [[0, 0.7824073814331217, 0.34650150652828926, 7.860649971251792], [1, 0.7824073814331217, 0.3461667224640107, 7.871371969263604], [2, 0.7824073814331217, 0.3461667224640107, 7.846348549457306], [3, 0.7824073814331217, 0.3461667224640107, 7.874111916156525]]}