{"train": [[0, 0.016918879929421978, 0.7232829866058706, 31.563359793749722], [1, 0.010126939589496363, 0.9345255058421202, 52.70030101429332]], "val": [[0, 0.02014572783670527, 0.7063943756277201, 31.385928052536986], [1, 0.03284152513964379, 0.7094074322062269, 35.308321526710024]]}