{"train": [[0, 0.029325468093156816], [1, 0.023432854562997818], [2, 0.021300264447927476], [3, 0.020608695596456526], [4, 0.02027745805680752], [5, 0.02011679783463478], [6, 0.019857946783304214], [7, 0.019722070544958115], [8, 0.019494663923978806], [9, 0.0191312238574028], [10, 0.018898940086364745], [11, 0.018745216354727746]], "val": [[0, 0.030146493021636567]]}