{"train": [[0, 106756.615234375], [1, 46998.92390950521], [2, 14739.576171875], [3, 13534.342122395834], [4, 12702.884765625], [5, 13046.582600911459], [6, 13272.164713541666], [7, 13506.035725911459], [8, 12869.639729817709], [9, 12709.455403645834], [10, 13415.422607421875], [11, 12969.108479817709], [12, 13520.279622395834], [13, 12110.066487630209], [14, 10086.919270833334], [15, 9493.533325195312], [16, 8103.7829996744795], [17, 7565.6857503255205], [18, 6813.5985921223955], [19, 6302.4974365234375], [20, 5849.3357340494795], [21, 4937.0916748046875], [22, 3815.6534423828125], [23, 3380.7491048177085], [24, 2599.2015177408853], [25, 2455.0980122884116], [26, 1696.1626485188801], [27, 1348.5203704833984], [28, 948.0226236979166], [29, 662.6124064127604], [30, 544.5508143107096], [31, 473.15920003255206], [32, 275.9231491088867], [33, 230.8305231730143], [34, 189.4467544555664], [35, 130.92153867085776], [36, 126.09083239237468], [37, 65.54826895395915], [38, 43.19264570871989], [39, 29.937260071436565], [40, 23.560604333877563], [41, 18.60760736465454], [42, 13.653217395146688], [43, 9.784009973208109], [44, 9.094703793525696], [45, 7.936054666837056], [46, 9.825363039970398], [47, 7.595448931058248], [48, 10.520237604777018], [49, 9.321860551834106], [50, 14.685842633247375], [51, 13.794792890548706], [52, 12.968757112820944], [53, 10.425028999646505], [54, 9.238375663757324], [55, 9.845582008361816], [56, 8.467892626921335], [57, 42.94989011685053], [58, 18.727883021036785], [59, 13.229284246762594], [60, 12.814762989679972], [61, 10.41643480459849], [62, 27.985515038172405], [63, 14.25637690226237], [64, 19.506221373875935], [65, 22.553019205729168], [66, 35.13862085342407], [67, 28.01238425572713], [68, 41.02090048789978], [69, 45.76808420817057], [70, 53.75569534301758], [71, 63.791420777638756], [72, 59.07985289891561], [73, 66.09605312347412], [74, 45.420048236846924], [75, 41.03450298309326], [76, 46.03211291631063], [77, 38.854199171066284], [78, 21.676721413930256], [79, 15.999342600504557], [80, 20.56676936149597], [81, 21.43349067370097], [82, 22.812229871749878], [83, 21.11217387517293], [84, 67.39855972925822], [85, 23.71074151992798], [86, 23.56042718887329], [87, 21.168317079544067], [88, 21.26417326927185]], "val": [[0, 73452.85546875], [1, 16303.311360677084], [2, 15127.458577473959], [3, 13742.206949869791], [4, 13632.346028645834], [5, 13728.174560546875], [6, 13746.958740234375], [7, 13676.580729166666], [8, 13740.15283203125], [9, 14377.176106770834], [10, 13898.858968098959], [11, 14507.115152994791], [12, 13544.793212890625], [13, 12669.01611328125], [14, 10675.590413411459], [15, 9659.907063802084], [16, 9145.2138671875], [17, 8666.606241861979], [18, 9943.365641276041], [19, 9611.483642578125], [20, 9687.538167317709], [21, 10764.865763346354], [22, 10790.870890299479], [23, 10915.631673177084], [24, 12360.174153645834], [25, 12346.751302083334], [26, 12117.653645833334], [27, 12399.038004557291], [28, 12719.450846354166], [29, 13052.545735677084], [30, 13708.438151041666], [31, 13145.607503255209], [32, 13604.183512369791], [33, 13491.659586588541], [34, 13367.677978515625], [35, 13797.035400390625], [36, 13247.52734375], [37, 13507.904541015625], [38, 13347.199300130209], [39, 13572.992350260416], [40, 13448.015625], [41, 13433.433675130209], [42, 13453.246500651041], [43, 13395.518391927084], [44, 13467.842122395834], [45, 13397.660970052084], [46, 13399.477376302084], [47, 13365.145263671875], [48, 13413.97705078125], [49, 13487.178059895834], [50, 13430.330973307291], [51, 13516.337890625], [52, 13437.566487630209], [53, 13364.982991536459], [54, 13445.636067708334], [55, 13425.180257161459], [56, 13410.347819010416], [57, 13279.4501953125], [58, 13407.423258463541], [59, 13396.871419270834], [60, 13371.177001953125], [61, 13325.702229817709], [62, 13313.06396484375], [63, 13285.427083333334], [64, 13314.516357421875], [65, 13339.03466796875], [66, 13307.307779947916], [67, 13375.602213541666], [68, 13417.03564453125], [69, 13306.3681640625], [70, 13251.082845052084], [71, 13327.900634765625], [72, 13399.257080078125], [73, 13118.645833333334], [74, 13220.565592447916], [75, 13168.140299479166], [76, 13206.361165364584], [77, 13211.593994140625], [78, 13221.826904296875], [79, 13312.385823567709], [80, 13271.156412760416], [81, 13060.207682291666], [82, 13180.648193359375], [83, 13245.5458984375], [84, 13168.954833984375], [85, 13162.472005208334], [86, 13160.140543619791], [87, 13051.56103515625], [88, 13023.707275390625]]}