{"train": [[0, 16027.133362926137]], "val": [[0, 9548.26171875]]}