{"train": [[0, 0.016969151092185216, 0.49964377315474495], [1, 0.013707518979737704, 0.6108577942433742], [2, 0.012241336169906638, 0.7036905101168424], [3, 0.010896328290585768, 0.792747221430607], [4, 0.009721347981725227, 0.8606440581362211], [5, 0.00878783458081836, 0.9060986035907665], [6, 0.008059270169839941, 0.9290396124251924], [7, 0.007518701684999872, 0.9521231119977202], [8, 0.007019471980377354, 0.9609575377600456], [9, 0.006630676895888014, 0.9719293245939014], [10, 0.006272722945802591, 0.9772014819036763], [11, 0.0060229496882212435, 0.9804075235109718], [12, 0.005728354393927888, 0.9856084354516956], [13, 0.005498640108006922, 0.9859646622969507], [14, 0.0051987282021648505, 0.9898119122257053], [15, 0.0050391915804621846, 0.9927329723567968], [16, 0.004871945862065662, 0.9918780279281847, 65.33849478634922], [17, 0.004646188810213723, 0.994015388999715, 66.79662300456654], [18, 0.004525902902241796, 0.9948703334283272, 67.3924415068193], [19, 0.0043294831083833495, 0.9945853519521232, 68.5760550065474]], "val": [[0, 0.016763331249673316, 0.44291931704050885], [1, 0.016621952182910543, 0.481419484432541], [2, 0.016402326048688687, 0.4613324405758286], [3, 0.016136344859099136, 0.539671911617007], [4, 0.016334206559398073, 0.5383327753598929], [5, 0.01731156740099826, 0.539671911617007], [6, 0.017978311258744686, 0.547706729159692], [7, 0.020071804047899044, 0.5252761968530298], [8, 0.021146523904927234, 0.5138935386675594], [9, 0.02371691880708045, 0.530967525945765], [10, 0.02329922800368451, 0.5279544693672581], [11, 0.029040886485513222, 0.4854368932038835], [12, 0.027267462593760897, 0.5078674255105456], [13, 0.030334425614552296, 0.47338466688985603], [14, 0.0329359445245342, 0.5159022430532306], [16, 0.03503461447643473, 0.49246735855373286, 18.207875860498305], [17, 0.039406311797334795, 0.4954804151322397, 17.620721979344143], [18, 0.04315588575728396, 0.4763977234683629, 17.30888318000956], [19, 0.04170109807176793, 0.5155674589889522, 18.63980327768529]]}