{"train": [[0, 0.06428473508408801, 0.0773067331670823, 0.02458140363377271], [1, 0.046683695865795016, 0.15924474527965798, 0.05602066262914143], [2, 0.04338735780170695, 0.24750623441396508, 0.09405058781617386], [3, 0.03950815321877599, 0.3568756679729248, 0.1419665122907018], [4, 0.036327762698585335, 0.46740292126825794, 0.20021375133594585], [5, 0.0333159618312493, 0.5730317064481653, 0.2574812967581047], [6, 0.030816664919257164, 0.6616494478090488, 0.3104738154613466], [7, 0.02868768492374908, 0.7281795511221946, 0.36800855005343786], [8, 0.026811036609367213, 0.7854470965443534, 0.4211791948699679], [9, 0.02500930054917593, 0.8258817242607767, 0.4737263982899893], [10, 0.023667078020728448, 0.8546490915568222, 0.5155860349127181], [11, 0.022080724275755612, 0.8876914855717848, 0.5552190951193445], [12, 0.021189517955380408, 0.9042572141075882, 0.5900427502671892], [13, 0.019562653900886125, 0.9273245457784112, 0.6411649447809049], [14, 0.018634577001317997, 0.9379230495190595, 0.665301033131457], [15, 0.017383885718035428, 0.951193444959031, 0.7051122194513716]], "val": [[0, 0.05196725680155957, 0.07164378975560763, 0.019417475728155338], [5, 0.050040791405642285, 0.17810512219618346, 0.06896551724137931], [10, 0.05175186170542494, 0.30599263475058586, 0.12018747907599599], [15, 0.06504576225230034, 0.27820555741546704, 0.10244392366923334]]}