{"train": [[0, 0.2219760249284181, 0.6196209746366487, 24.388005720485342]], "val": [[0, 0.2149488865695101, 0.6300636089722129, 25.693044216074842]]}{"train": [[0, 0.2219760249284181, 0.6196209746366487, 24.388005720485342], [1, 0.14752092574807732, 0.8914220575662581, 46.36887383894487]], "val": [[0, 0.2149488865695101, 0.6300636089722129, 25.693044216074842], [1, 0.2388054921906045, 0.6762638098426514, 30.41334217152697]]}{"train": [[0, 0.2219760249284181, 0.6196209746366487, 24.388005720485342], [1, 0.14752092574807732, 0.8914220575662581, 46.36887383894487], [2, 0.10994482382454655, 0.9650185237959532, 58.30804658369585]], "val": [[0, 0.2149488865695101, 0.6300636089722129, 25.693044216074842], [1, 0.2388054921906045, 0.6762638098426514, 30.41334217152697], [2, 0.24019558854559633, 0.7562772012052227, 37.669712228977936]]}{"train": [[0, 0.2219760249284181, 0.6196209746366487, 24.388005720485342], [1, 0.14752092574807732, 0.8914220575662581, 46.36887383894487], [2, 0.10994482382454655, 0.9650185237959532, 58.30804658369585], [3, 0.085579415647821, 0.987745796523226, 66.0078747142445]], "val": [[0, 0.2149488865695101, 0.6300636089722129, 25.693044216074842], [1, 0.2388054921906045, 0.6762638098426514, 30.41334217152697], [2, 0.24019558854559633, 0.7562772012052227, 37.669712228977936], [3, 0.24647581038322855, 0.7957817207900904, 41.867380426285116]]}{"train": [[0, 0.2219760249284181, 0.6196209746366487, 24.388005720485342], [1, 0.14752092574807732, 0.8914220575662581, 46.36887383894487], [2, 0.10994482382454655, 0.9650185237959532, 58.30804658369585], [3, 0.085579415647821, 0.987745796523226, 66.0078747142445], [4, 0.07127196514471011, 0.9957252778569393, 70.53781429637561]], "val": [[0, 0.2149488865695101, 0.6300636089722129, 25.693044216074842], [1, 0.2388054921906045, 0.6762638098426514, 30.41334217152697], [2, 0.24019558854559633, 0.7562772012052227, 37.669712228977936], [3, 0.24647581038322855, 0.7957817207900904, 41.867380426285116], [4, 0.2357855315538163, 0.833947104117844, 46.09057966191718]]}{"train": [[0, 0.2219760249284181, 0.6196209746366487, 24.388005720485342], [1, 0.14752092574807732, 0.8914220575662581, 46.36887383894487], [2, 0.10994482382454655, 0.9650185237959532, 58.30804658369585], [3, 0.085579415647821, 0.987745796523226, 66.0078747142445], [4, 0.07127196514471011, 0.9957252778569393, 70.53781429637561], [5, 0.06057313440198248, 0.9984326018808778, 73.7260234485973]], "val": [[0, 0.2149488865695101, 0.6300636089722129, 25.693044216074842], [1, 0.2388054921906045, 0.6762638098426514, 30.41334217152697], [2, 0.24019558854559633, 0.7562772012052227, 37.669712228977936], [3, 0.24647581038322855, 0.7957817207900904, 41.867380426285116], [4, 0.2357855315538163, 0.833947104117844, 46.09057966191718], [5, 0.2686686997717999, 0.8205557415467024, 45.45871044727082]]}{"train": [[0, 0.2219760249284181, 0.6196209746366487, 24.388005720485342], [1, 0.14752092574807732, 0.8914220575662581, 46.36887383894487], [2, 0.10994482382454655, 0.9650185237959532, 58.30804658369585], [3, 0.085579415647821, 0.987745796523226, 66.0078747142445], [4, 0.07127196514471011, 0.9957252778569393, 70.53781429637561], [5, 0.06057313440198248, 0.9984326018808778, 73.7260234485973], [6, 0.0541664970530705, 0.9994300370475919, 75.6700537594882]], "val": [[0, 0.2149488865695101, 0.6300636089722129, 25.693044216074842], [1, 0.2388054921906045, 0.6762638098426514, 30.41334217152697], [2, 0.24019558854559633, 0.7562772012052227, 37.669712228977936], [3, 0.24647581038322855, 0.7957817207900904, 41.867380426285116], [4, 0.2357855315538163, 0.833947104117844, 46.09057966191718], [5, 0.2686686997717999, 0.8205557415467024, 45.45871044727082], [6, 0.25930110222481667, 0.8439906260462002, 49.34664576104347]]}