{"train": [[0, 60669.98828125], [1, 212896.21875], [2, 44865.10546875], [3, 80558.0390625], [4, 64374.0703125], [5, 67774.078125], [6, 58717.0703125], [7, 65684.4453125], [8, 56410.55078125], [9, 50982.15625], [10, 63653.3046875], [11, 52896.78515625], [12, 36506.1328125], [13, 14637.517578125], [14, 12456.4111328125], [15, 32004.947265625], [16, 19592.705078125], [17, 11851.080078125], [18, 19633.33984375], [19, 13404.6845703125], [20, 17425.53515625], [21, 17415.759765625], [22, 18218.16015625], [23, 12763.703125], [24, 5569.87744140625], [25, 9082.98828125], [26, 12980.150390625], [27, 6893.84326171875], [28, 11691.1201171875], [29, 5920.44189453125], [30, 6213.306640625], [31, 11696.154296875], [32, 7846.02099609375], [33, 5886.642578125], [34, 11459.58203125], [35, 6132.81494140625], [36, 4042.593017578125], [37, 7915.126953125], [38, 4387.6328125], [39, 7255.82177734375], [40, 4465.42041015625], [41, 5889.955078125], [42, 9668.720703125], [43, 5448.671875], [44, 6908.41943359375], [45, 6946.11376953125], [46, 4923.53369140625], [47, 6030.73828125], [48, 6020.2734375], [49, 4951.69580078125], [50, 6219.32421875], [51, 7872.4609375], [52, 6577.3623046875], [53, 5189.6396484375], [54, 6678.044921875], [55, 3518.738037109375], [56, 2415.501220703125], [57, 6674.58154296875], [58, 7668.40380859375], [59, 3955.361083984375], [60, 6613.6865234375], [61, 7061.34521484375]], "val": [[0, 82227.42734375], [10, 55759.752734375], [20, 29036.9609375], [30, 17338.6765625], [40, 17318.067578125], [50, 18945.3171875], [60, 17414.04296875]]}