{"train": [[0, 0.0624611525203694, 0.07765745226560274, 0.02842690225135366], [1, 0.04465706990185109, 0.2091051581647193, 0.07965232259903106]], "val": [[0, 0.06032498061973998, 0.08302644794107801, 0.023434884499497825], [1, 0.05961386391774137, 0.07331771007700033, 0.022430532306662202]]}