{"train": [[0, 83453.7265625], [1, 90710.9140625]], "val": [[0, 45797.050390625]]}