{"train": [[0, 22947.51953125], [1, 26757.5390625], [2, 21526.71484375], [3, 13674.0546875], [4, 11785.853515625], [5, 6641.52783203125], [6, 6961.296875], [7, 5876.82470703125], [8, 5250.9013671875], [9, 4438.3681640625], [10, 3620.84375], [11, 3313.51806640625], [12, 2681.549560546875], [13, 2128.13818359375], [14, 2915.957275390625], [15, 2493.7900390625], [16, 1683.4439697265625], [17, 2293.931640625], [18, 1449.146484375]], "val": [[0, 25497.5359375], [10, 15626.4396484375]]}