{"train": [[0, 0.7029080390930176]], "val": [[0, 0.7114219881118612]]}