{"train": [[0, 0.2447257327762517, 0.47114562553434025, 16.798305279558356]], "val": [[0, 0.25759517575832125, 0.3829929695346502, 14.414250962277675]]}