{"train": [[0, 0.012169551349837672, 0.7153035052721574]], "val": [[0, 0.017919217454309157, 0.6220287914295279]]}