{"train": [[0, 0.7436521099372344, 0.6742661726987745, 28.423803069374777], [1, 0.4629456417127089, 0.9073810202336848, 47.62927806160667], [2, 0.35138199681585486, 0.9590339127956683, 57.05275823419744], [3, 0.28691587962887505, 0.9821886577372471, 63.00494705546986], [4, 0.24231639531525698, 0.9926617269877458, 67.21924313631925], [5, 0.21475451656363226, 0.9961527500712454, 70.03417391343551]], "val": [[0, 0.8334549449859782, 0.6545028456645464, 27.13327387545971], [1, 1.105942983576592, 0.7161031134917978, 33.17698896692154], [2, 1.0720935717542122, 0.775694676933378, 39.39945890548381], [3, 1.0349319919626763, 0.8088382992969535, 43.43484204880735], [4, 1.492645651736158, 0.776364245061935, 42.819998964350276], [5, 1.6021534077664639, 0.742216270505524, 39.3487357281624]]}