{"train": [[0, 119489.6640625], [1, 63907.5859375]], "val": [[0, 58888.51640625]]}