{"train": [[0, 0.3585775186392394, 0.34903106298090625, 8.252449024807323], [1, 0.25343648181720213, 0.47527785693929897, 13.980947745930065], [2, 0.23602944246747276, 0.5581362211456256, 19.33676572712985], [3, 0.22003518200733446, 0.6191935024223425, 23.639571978829125], [4, 0.20592352537946268, 0.6888714733542319, 27.68889426318082]], "val": [[0, 0.359298382667785, 0.39973217274857714, 9.140299888367348], [1, 0.3130306671274469, 0.41379310344827586, 9.762788732001122], [2, 0.28925494500931276, 0.4422497489119518, 11.24821362596877], [3, 0.2882569242031016, 0.3552058921995313, 12.377979461182939], [4, 0.2811265397579112, 0.3669233344492802, 12.382166050850078]]}