{"train": [[0, 0.020257636794651097, 0.34910230834995726], [1, 0.019496248103678226, 0.536762610430322]], "val": [[0, 0.020896572104476867, 0.1834616672246401], [1, 0.021630774787131775, 0.24037495815199197]]}