{"train": [[0, 1.2207100909703956, 0.7644039400617734, 1.2207100909703956], [1, 0.16849604125955653, 0.30150746289377606, 0.16849604125955653], [2, 0.09330999156235291, 0.22506765245644542, 0.09330999156235291], [3, 0.05828250342755152, 0.18234879691535627, 0.05828250342755152], [4, 0.04300815555434632, 0.1548387632622534, 0.04300815555434632], [5, 0.16751658267517636, 0.26403481581148636, 0.16751658267517636], [6, 0.032830933432449035, 0.13543151224833958, 0.032830933432449035], [7, 0.02117027452635602, 0.11151405206641739, 0.02117027452635602], [8, 0.12370785182566808, 0.19044374177287543, 0.12370785182566808], [9, 0.07036086723233885, 0.17927016528293593, 0.07036086723233885], [10, 0.020997080061975062, 0.10901970205009663, 0.020997080061975062], [11, 0.015036901747616929, 0.09361783464297076, 0.015036901747616929]], "val": [[0, 2.959478261622977, 1.4128223378607567, 2.959478261622977], [1, 2.39059619700655, 1.266252005353887, 2.39059619700655], [2, 2.461724748002722, 1.2907003823747025, 2.461724748002722], [3, 2.5584874000955136, 1.3087170073326597, 2.5584874000955136], [4, 2.7479974589449294, 1.34784678449022, 2.7479974589449294], [5, 2.5229521254275706, 1.3098893013406308, 2.5229521254275706], [6, 2.429400405985244, 1.2804127703321742, 2.429400405985244], [7, 2.169731558637416, 1.2082838479508744, 2.169731558637416], [8, 2.684239778112858, 1.3338449204221685, 2.684239778112858], [9, 2.499297725393417, 1.2845255694490798, 2.499297725393417], [10, 2.4302559812018214, 1.2680228568137961, 2.4302559812018214], [11, 2.4830605577915272, 1.285133016870377, 2.4830605577915272]]}