{"train": [[0, 0.012169551349837672, 0.7153035052721574], [1, 0.00704111540266736, 0.9398689085209462]], "val": [[0, 0.017919217454309157, 0.6220287914295279], [1, 0.026025105347024634, 0.6099765651155005]]}