{"train": [[0, 0.019417230344631456, 0.28255913365631236], [1, 0.01850787376646291, 0.33634938728982616], [2, 0.017841622157191688, 0.3908520946138501], [3, 0.01737845115871592, 0.43808777429467083], [4, 0.016954444924538785, 0.4749928754630949], [5, 0.01654619503850964, 0.5296380735252209], [6, 0.01624843887561424, 0.5784411513251638], [7, 0.015965611043132166, 0.6139213451125677], [8, 0.015697259218855338, 0.640638358506697], [9, 0.015459954416887326, 0.6679965802222856], [10, 0.015273206778378649, 0.676546024508407], [11, 0.015123390618034385, 0.6917212881162724], [12, 0.01500119774771685, 0.7038330008549444], [13, 0.014843402299183336, 0.713736107153035], [14, 0.01475810606286607, 0.7236392134511257], [15, 0.014619005158204924, 0.7310487318324309], [16, 0.014497707420113411, 0.7486463379880308], [17, 0.014411857059564102, 0.7520661157024794], [18, 0.014297959221188318, 0.7597606155599886], [19, 0.014171642628075047, 0.7696637218580792], [20, 0.014115572322837331, 0.768381305215161], [21, 0.013994459122080695, 0.7775719578227415], [22, 0.013911842097612944, 0.7846964947278426]], "val": [[0, 0.020075366693608303, 0.16170070304653497], [1, 0.02046812504054384, 0.1560093739537998], [2, 0.020756351939858274, 0.18078339471041177], [3, 0.02138954519908479, 0.16370940743220622], [4, 0.021788261394868506, 0.14127887512554402], [5, 0.023467668629390127, 0.14060930699698695], [6, 0.02267509746424695, 0.10244392366923334], [7, 0.023873091100695285, 0.10746568463341145], [8, 0.023685179056322322, 0.12587880816873118], [9, 0.02312413809147287, 0.1144961499832608], [10, 0.022663317501862, 0.10780046869768999], [11, 0.022556191984009235, 0.11047874121191831], [12, 0.02279220870200624, 0.11148309340475393], [13, 0.026122671571817805, 0.18111817877469033], [14, 0.024458921098328652, 0.15500502176096417], [15, 0.024114232153651563, 0.12219618346166722], [16, 0.024989809087933378, 0.14127887512554402], [17, 0.02582317499562781, 0.12922664881151658], [18, 0.024735609703558557, 0.11148309340475393], [19, 0.02572852020409513, 0.12453967191161701], [20, 0.025694683471575698, 0.1178439906260462], [21, 0.027337708490643094, 0.1526615333110144], [22, 0.02717608795996676, 0.14060930699698695]]}