{"train": [[0, 21.482029923525722, 0.5096181248218866, 15.036945094845512, 0.3022083532403816, 0.021479007737203078, 0.25322197567332877], [1, 10.114735501462762, 0.7983756055856369, 29.25423062064431, 0.23426309288902716, 0.010112392864274707, 0.17186519252983007], [2, 6.965230669758537, 0.8843687660302081, 35.846402714469214, 0.21842846856875853, 0.006963046358644285, 0.14243566529317336], [3, 5.570647938684984, 0.926902251353662, 40.52336928627708, 0.20823525928638198, 0.005568565584888513, 0.12703545181588694], [4, 4.533254547552629, 0.9491308064975776, 43.451593208312985, 0.20523141913793302, 0.0045312022250569, 0.11526594172147188], [5, 4.08116593469273, 0.9591764035337703, 45.77994291132147, 0.20051254386251624, 0.0040791608065112745, 0.10853433250026269], [6, 3.861831649866971, 0.9644485608435451, 47.91158093539151, 0.19849773760546338, 0.003859846660105342, 0.10530981973490931], [7, 3.4023912180553784, 0.9743516671416358, 50.45088412544944, 0.19434469308365476, 0.0034004477646455847, 0.09882659123025157], [8, 3.187232015891509, 0.9779851809632374, 51.81250698783181, 0.1875348842956803, 0.003185356663413007, 0.09589343965053558], [9, 2.971004963463003, 0.9795525790823596, 53.106752915815875, 0.18676294183189218, 0.0029691373283805495, 0.09253119379281997], [10, 2.6965972710739483, 0.9811199772014819, 53.78912050073797, 0.18210534345019946, 0.0026947762129235675, 0.08812585777857086], [11, 2.583610152656382, 0.9806212596181249, 54.65941973599521, 0.17989735488187183, 0.0025818111835343932, 0.08605776385150173], [12, 2.371696588667956, 0.9791251068680535, 54.81299473155629, 0.17923188162120907, 0.0023699042784177107, 0.08259701464663852]], "val": [[0, 16.742451667785645, 0.44358888516906597, 16.03319452164021, 0.25047548939573006, 0.016739947027824026, 0.23081510149418039], [1, 13.78584504634776, 0.5369936391027788, 19.292568166205225, 0.2418152540922165, 0.013783426955342293, 0.21006494950740895], [2, 13.677228055101759, 0.5078674255105456, 18.536422161345786, 0.24089373648166656, 0.013674818970104481, 0.2043894941502429], [3, 13.254533077808137, 0.563776364245062, 20.742887923058042, 0.2383708598765921, 0.013252149355855393, 0.2010258360111967], [4, 10.850401391374303, 0.6354201540006695, 25.424951188107755, 0.22939422694926567, 0.010848107480226046, 0.18469122844807645], [5, 10.79552327825668, 0.5724807499163039, 21.467442370475606, 0.234370877768131, 0.010793179461851399, 0.18192338721549256], [6, 10.836730946885778, 0.6032808838299297, 23.80266956572837, 0.23265630799405118, 0.010834404346632196, 0.18178441898619874], [7, 11.90575417051924, 0.5075326414462672, 19.454270707800035, 0.24127714684669008, 0.011903341403825487, 0.1948851445253859], [8, 10.007711380086047, 0.6280549045865417, 25.644830744317236, 0.22749597278047115, 0.01000543630265809, 0.1744543215695848], [9, 11.237993717193604, 0.53900234348845, 22.955296983110145, 0.23221704237004545, 0.011235671464670846, 0.18474337046450756], [10, 11.487811534962756, 0.555741546702377, 23.221704036631483, 0.2309010754874412, 0.011485502559770929, 0.18681391661471508], [11, 10.869188257988464, 0.5276196853029795, 24.069687092557867, 0.23999659241514004, 0.01086678821593523, 0.1826599272007638], [12, 12.23472380130849, 0.4777368597254771, 20.861145060113135, 0.24267139745519517, 0.012232297159572865, 0.19467075549541635]]}