{"train": [[0, 0.7192123873667283, 0.42205756625819324, 13.974925247105686]], "val": [[0, 0.7210994692558937, 0.4235018413123535, 15.567401094639555]]}{"train": [[0, 0.7192123873667283, 0.42205756625819324, 13.974925247105686], [1, 0.6501014533368024, 0.5294955827871188, 20.5981923233379]], "val": [[0, 0.7210994692558937, 0.4235018413123535, 15.567401094639555], [1, 0.779884342183458, 0.3069969869434215, 11.36613523199203]]}{"train": [[0, 0.7192123873667283, 0.42205756625819324, 13.974925247105686], [1, 0.6501014533368024, 0.5294955827871188, 20.5981923233379], [2, 0.6326701443303715, 0.5875605585636934, 22.97722138491544]], "val": [[0, 0.7210994692558937, 0.4235018413123535, 15.567401094639555], [1, 0.779884342183458, 0.3069969869434215, 11.36613523199203], [2, 0.8037410987184402, 0.2581185135587546, 9.70599742645913]]}