{"train": [[0, 4.930676324801012, 1.7946730581196872, 4.930676324801012], [1, 2.6421233957464043, 1.2853177596222272, 2.6421233957464043], [2, 1.604322005401958, 0.9776607020334764, 1.604322005401958], [3, 1.0600307488983327, 0.777455052191561, 1.0600307488983327], [4, 0.7184451994570819, 0.6424195007844404, 0.7184451994570819]], "val": [[0, 4.01324892551341, 1.6583427774145247, 4.01324892551341], [1, 4.393906938268783, 1.7268011189521628, 4.393906938268783], [2, 4.659852788803425, 1.7011396174735212, 4.659852788803425], [3, 4.92176131999239, 1.7578559733451682, 4.92176131999239], [4, 4.505850954258696, 1.6761587629926966, 4.505850954258696]]}