{"train": [[0, 16860.837785050677], [1, 13104.995301942568], [2, 11685.675675675675], [3, 10722.474714949325], [4, 10009.518950591217], [5, 9399.489587732263], [6, 8742.662940772803], [7, 8233.887536951013], [8, 7651.065390097128]], "val": [[0, 10741.7748046875], [2, 8919.50546875], [4, 9095.78798828125], [6, 8519.855322265625], [8, 11711.01494140625]]}