{"train": [[0, 19548.8828125], [1, 23437.025390625]], "val": [[0, 73355.1390625]]}