{"train": [[0, 0.03062684213121732], [1, 0.02524138366182645], [2, 0.022906412680943806], [3, 0.021583435436089832], [4, 0.020693589622775715], [5, 0.02052435154716174], [6, 0.020357728625337284], [7, 0.020386600246032078], [8, 0.020075464621186256], [9, 0.0201436635106802]], "val": [[0, 0.03267776022883172]]}