percentile,error_m
P50,15.5108862282899
P75,41.49291603415135
P90,74.76277644765318
P95,105.65489585639396
P99,298.7470111111714
