percentile,error_m
P50,1.1467025256047503
P75,27.697021500515177
P90,75.65133838868947
P95,123.44077527300288
P99,316.6422299235431
