{"train": [[0, 0.4100964532652095, 0.19164997689107996, 19.167180120687902]], "val": [[0, 0.4010832873098353, 0.24573150318044862, 24.532085561497325]]}{"train": [[0, 0.4100964532652095, 0.19164997689107996, 19.167180120687902], [1, 0.37367408674437547, 0.3108920043136651, 31.09211337030191]], "val": [[0, 0.4010832873098353, 0.24573150318044862, 24.532085561497325], [1, 0.3875574211385798, 0.2688316036156679, 26.83823529411765]]}{"train": [[0, 0.4100964532652095, 0.19164997689107996, 19.167180120687902], [1, 0.37367408674437547, 0.3108920043136651, 31.09211337030191], [2, 0.35675279508750524, 0.3593437066707749, 35.93140275288862]], "val": [[0, 0.4010832873098353, 0.24573150318044862, 24.532085561497325], [1, 0.3875574211385798, 0.2688316036156679, 26.83823529411765], [2, 0.382001615542779, 0.28925343153665883, 28.932709454215146]]}{"train": [[0, 0.4100964532652095, 0.19164997689107996, 19.167180120687902], [1, 0.37367408674437547, 0.3108920043136651, 31.09211337030191], [2, 0.35675279508750524, 0.3593437066707749, 35.93140275288862], [3, 0.3449672938348038, 0.41118471730087813, 41.11983980283426]], "val": [[0, 0.4010832873098353, 0.24573150318044862, 24.532085561497325], [1, 0.3875574211385798, 0.2688316036156679, 26.83823529411765], [2, 0.382001615542779, 0.28925343153665883, 28.932709454215146], [3, 0.3694057592893029, 0.31771007700033477, 31.717914438502675]]}{"train": [[0, 0.4100964532652095, 0.19164997689107996, 19.167180120687902], [1, 0.37367408674437547, 0.3108920043136651, 31.09211337030191], [2, 0.35675279508750524, 0.3593437066707749, 35.93140275288862], [3, 0.3449672938348038, 0.41118471730087813, 41.11983980283426], [4, 0.3350245592517759, 0.4506239408411647, 45.06058739117466]], "val": [[0, 0.4010832873098353, 0.24573150318044862, 24.532085561497325], [1, 0.3875574211385798, 0.2688316036156679, 26.83823529411765], [2, 0.382001615542779, 0.28925343153665883, 28.932709454215146], [3, 0.3694057592893029, 0.31771007700033477, 31.717914438502675], [4, 0.36567269042532713, 0.3250753264144627, 32.45320855614973]]}{"train": [[0, 0.4100964532652095, 0.19164997689107996, 19.167180120687902], [1, 0.37367408674437547, 0.3108920043136651, 31.09211337030191], [2, 0.35675279508750524, 0.3593437066707749, 35.93140275288862], [3, 0.3449672938348038, 0.41118471730087813, 41.11983980283426], [4, 0.3350245592517759, 0.4506239408411647, 45.06058739117466], [5, 0.32690692118708176, 0.4852873209058697, 48.531525983828054]], "val": [[0, 0.4010832873098353, 0.24573150318044862, 24.532085561497325], [1, 0.3875574211385798, 0.2688316036156679, 26.83823529411765], [2, 0.382001615542779, 0.28925343153665883, 28.932709454215146], [3, 0.3694057592893029, 0.31771007700033477, 31.717914438502675], [4, 0.36567269042532713, 0.3250753264144627, 32.45320855614973], [5, 0.3621063893013459, 0.3377971208570472, 33.723262032085564]]}{"train": [[0, 0.4100964532652095, 0.19164997689107996, 19.167180120687902], [1, 0.37367408674437547, 0.3108920043136651, 31.09211337030191], [2, 0.35675279508750524, 0.3593437066707749, 35.93140275288862], [3, 0.3449672938348038, 0.41118471730087813, 41.11983980283426], [4, 0.3350245592517759, 0.4506239408411647, 45.06058739117466], [5, 0.32690692118708176, 0.4852873209058697, 48.531525983828054], [6, 0.320419915006694, 0.5175627792327838, 51.75344013301076]], "val": [[0, 0.4010832873098353, 0.24573150318044862, 24.532085561497325], [1, 0.3875574211385798, 0.2688316036156679, 26.83823529411765], [2, 0.382001615542779, 0.28925343153665883, 28.932709454215146], [3, 0.3694057592893029, 0.31771007700033477, 31.717914438502675], [4, 0.36567269042532713, 0.3250753264144627, 32.45320855614973], [5, 0.3621063893013459, 0.3377971208570472, 33.723262032085564], [6, 0.3548656233491745, 0.3528624037495815, 35.22727272727273]]}{"train": [[0, 0.4100964532652095, 0.19164997689107996, 19.167180120687902], [1, 0.37367408674437547, 0.3108920043136651, 31.09211337030191], [2, 0.35675279508750524, 0.3593437066707749, 35.93140275288862], [3, 0.3449672938348038, 0.41118471730087813, 41.11983980283426], [4, 0.3350245592517759, 0.4506239408411647, 45.06058739117466], [5, 0.32690692118708176, 0.4852873209058697, 48.531525983828054], [6, 0.320419915006694, 0.5175627792327838, 51.75344013301076], [7, 0.3144240757968054, 0.5459867508858419, 54.59796672828096]], "val": [[0, 0.4010832873098353, 0.24573150318044862, 24.532085561497325], [1, 0.3875574211385798, 0.2688316036156679, 26.83823529411765], [2, 0.382001615542779, 0.28925343153665883, 28.932709454215146], [3, 0.3694057592893029, 0.31771007700033477, 31.717914438502675], [4, 0.36567269042532713, 0.3250753264144627, 32.45320855614973], [5, 0.3621063893013459, 0.3377971208570472, 33.723262032085564], [6, 0.3548656233491745, 0.3528624037495815, 35.22727272727273], [7, 0.3557994328240022, 0.35955808503515235, 35.89572192513369]]}{"train": [[0, 0.4100964532652095, 0.19164997689107996, 19.167180120687902], [1, 0.37367408674437547, 0.3108920043136651, 31.09211337030191], [2, 0.35675279508750524, 0.3593437066707749, 35.93140275288862], [3, 0.3449672938348038, 0.41118471730087813, 41.11983980283426], [4, 0.3350245592517759, 0.4506239408411647, 45.06058739117466], [5, 0.32690692118708176, 0.4852873209058697, 48.531525983828054], [6, 0.320419915006694, 0.5175627792327838, 51.75344013301076], [7, 0.3144240757968054, 0.5459867508858419, 54.59796672828096], [8, 0.3094602021551103, 0.5810352796179326, 58.104846994302484]], "val": [[0, 0.4010832873098353, 0.24573150318044862, 24.532085561497325], [1, 0.3875574211385798, 0.2688316036156679, 26.83823529411765], [2, 0.382001615542779, 0.28925343153665883, 28.932709454215146], [3, 0.3694057592893029, 0.31771007700033477, 31.717914438502675], [4, 0.36567269042532713, 0.3250753264144627, 32.45320855614973], [5, 0.3621063893013459, 0.3377971208570472, 33.723262032085564], [6, 0.3548656233491745, 0.3528624037495815, 35.22727272727273], [7, 0.3557994328240022, 0.35955808503515235, 35.89572192513369], [8, 0.3509834562552804, 0.3719450954134583, 37.13235294117647]]}