{"train": [[0, 0.7156037039616528, 0.03076923076923077, 2.9411764705882355]], "val": [[0, 0.5542996650870471, 0.012721794442584533, 1.2700534759358288]]}