{"train": [[0, 0.4720257870297482, 0.043906948081959635, 4.390018484288355]], "val": [[0, 0.4691612119661933, 0.054904586541680615, 5.481283422459893]]}{"train": [[0, 0.4720257870297482, 0.043906948081959635, 4.390018484288355], [1, 0.427263537510192, 0.08542597442612848, 8.548983364140481]], "val": [[0, 0.4691612119661933, 0.054904586541680615, 5.481283422459893], [1, 0.4330929293033273, 0.09306996986943422, 9.29144385026738]]}{"train": [[0, 0.4720257870297482, 0.043906948081959635, 4.390018484288355], [1, 0.427263537510192, 0.08542597442612848, 8.548983364140481], [2, 0.39169068943918006, 0.15328916961947311, 15.329123023991517]], "val": [[0, 0.4691612119661933, 0.054904586541680615, 5.481283422459893], [1, 0.4330929293033273, 0.09306996986943422, 9.29144385026738], [2, 0.42915863284771455, 0.10545698024774021, 10.52807486631016]]}{"train": [[0, 0.4463463463830272, 0.0719457710676321, 7.196036147836249]], "val": [[0, 0.41821183957518104, 0.10646133244057583, 10.628342245989305]]}{"train": [[0, 0.422217591522802, 0.11277152981050685, 11.277983159542964]], "val": [[0, 0.3978246128495364, 0.1593572145965852, 15.909090909090908]]}{"train": [[0, 0.422217591522802, 0.11277152981050685, 11.277983159542964], [1, 0.5159178139688935, 0.13911569865968262, 13.914561513170957]], "val": [[0, 0.3978246128495364, 0.1593572145965852, 15.909090909090908], [1, 0.4126889892918541, 0.1593572145965852, 15.909090909090908]]}{"train": [[0, 0.422217591522802, 0.11277152981050685, 11.277983159542964], [1, 0.5159178139688935, 0.13911569865968262, 13.914561513170957], [2, 0.3417427812508426, 0.27399476197812356, 27.397822962377223]], "val": [[0, 0.3978246128495364, 0.1593572145965852, 15.909090909090908], [1, 0.4126889892918541, 0.1593572145965852, 15.909090909090908], [2, 0.3781247410704108, 0.23434884499497824, 23.39572192513369]]}{"train": [[0, 0.422217591522802, 0.11277152981050685, 11.277983159542964], [1, 0.5159178139688935, 0.13911569865968262, 13.914561513170957], [2, 0.3417427812508426, 0.27399476197812356, 27.397822962377223], [3, 0.3269757080504135, 0.3383916191649977, 33.841651263093034]], "val": [[0, 0.3978246128495364, 0.1593572145965852, 15.909090909090908], [1, 0.4126889892918541, 0.1593572145965852, 15.909090909090908], [2, 0.3781247410704108, 0.23434884499497824, 23.39572192513369], [3, 0.37586978412566974, 0.24171409440910613, 24.186720149402312]]}{"train": [[0, 0.422217591522802, 0.11277152981050685, 11.277983159542964], [1, 0.5159178139688935, 0.13911569865968262, 13.914561513170957], [2, 0.3417427812508426, 0.27399476197812356, 27.397822962377223], [3, 0.3269757080504135, 0.3383916191649977, 33.841651263093034], [4, 0.316361446881544, 0.38553381605299647, 38.55514479359211]], "val": [[0, 0.3978246128495364, 0.1593572145965852, 15.909090909090908], [1, 0.4126889892918541, 0.1593572145965852, 15.909090909090908], [2, 0.3781247410704108, 0.23434884499497824, 23.39572192513369], [3, 0.37586978412566974, 0.24171409440910613, 24.186720149402312], [4, 0.3620662559321857, 0.3003013056578507, 30.035650630685733]]}{"train": [[0, 0.422217591522802, 0.11277152981050685, 11.277983159542964], [1, 0.5159178139688935, 0.13911569865968262, 13.914561513170957], [2, 0.3417427812508426, 0.27399476197812356, 27.397822962377223], [3, 0.3269757080504135, 0.3383916191649977, 33.841651263093034], [4, 0.316361446881544, 0.38553381605299647, 38.55514479359211], [5, 0.3152379243372402, 0.4135726390386689, 41.356027933380446]], "val": [[0, 0.3978246128495364, 0.1593572145965852, 15.909090909090908], [1, 0.4126889892918541, 0.1593572145965852, 15.909090909090908], [2, 0.3781247410704108, 0.23434884499497824, 23.39572192513369], [3, 0.37586978412566974, 0.24171409440910613, 24.186720149402312], [4, 0.3620662559321857, 0.3003013056578507, 30.035650630685733], [5, 0.367376947147961, 0.27150987612989624, 27.161319079883597]]}{"train": [[0, 0.422217591522802, 0.11277152981050685, 11.277983159542964], [1, 0.5159178139688935, 0.13911569865968262, 13.914561513170957], [2, 0.3417427812508426, 0.27399476197812356, 27.397822962377223], [3, 0.3269757080504135, 0.3383916191649977, 33.841651263093034], [4, 0.316361446881544, 0.38553381605299647, 38.55514479359211], [5, 0.3152379243372402, 0.4135726390386689, 41.356027933380446], [6, 0.3036772820292912, 0.4690340471421969, 46.90131443984995]], "val": [[0, 0.3978246128495364, 0.1593572145965852, 15.909090909090908], [1, 0.4126889892918541, 0.1593572145965852, 15.909090909090908], [2, 0.3781247410704108, 0.23434884499497824, 23.39572192513369], [3, 0.37586978412566974, 0.24171409440910613, 24.186720149402312], [4, 0.3620662559321857, 0.3003013056578507, 30.035650630685733], [5, 0.367376947147961, 0.27150987612989624, 27.161319079883597], [6, 0.35628392702755446, 0.3210579176431202, 32.10784314405472]]}{"train": [[0, 0.422217591522802, 0.11277152981050685, 11.277983159542964], [1, 0.5159178139688935, 0.13911569865968262, 13.914561513170957], [2, 0.3417427812508426, 0.27399476197812356, 27.397822962377223], [3, 0.3269757080504135, 0.3383916191649977, 33.841651263093034], [4, 0.316361446881544, 0.38553381605299647, 38.55514479359211], [5, 0.3152379243372402, 0.4135726390386689, 41.356027933380446], [6, 0.3036772820292912, 0.4690340471421969, 46.90131443984995], [7, 0.29999345462041654, 0.4944538591896472, 49.44290408864847]], "val": [[0, 0.3978246128495364, 0.1593572145965852, 15.909090909090908], [1, 0.4126889892918541, 0.1593572145965852, 15.909090909090908], [2, 0.3781247410704108, 0.23434884499497824, 23.39572192513369], [3, 0.37586978412566974, 0.24171409440910613, 24.186720149402312], [4, 0.3620662559321857, 0.3003013056578507, 30.035650630685733], [5, 0.367376947147961, 0.27150987612989624, 27.161319079883597], [6, 0.35628392702755446, 0.3210579176431202, 32.10784314405472], [7, 0.3587561559708998, 0.2979578172079009, 29.8016934114344]]}{"train": [[0, 0.422217591522802, 0.11277152981050685, 11.277983159542964], [1, 0.5159178139688935, 0.13911569865968262, 13.914561513170957], [2, 0.3417427812508426, 0.27399476197812356, 27.397822962377223], [3, 0.3269757080504135, 0.3383916191649977, 33.841651263093034], [4, 0.316361446881544, 0.38553381605299647, 38.55514479359211], [5, 0.3152379243372402, 0.4135726390386689, 41.356027933380446], [6, 0.3036772820292912, 0.4690340471421969, 46.90131443984995], [7, 0.29999345462041654, 0.4944538591896472, 49.44290408864847], [8, 0.29676370944274627, 0.5088584193498691, 50.88827274907759]], "val": [[0, 0.3978246128495364, 0.1593572145965852, 15.909090909090908], [1, 0.4126889892918541, 0.1593572145965852, 15.909090909090908], [2, 0.3781247410704108, 0.23434884499497824, 23.39572192513369], [3, 0.37586978412566974, 0.24171409440910613, 24.186720149402312], [4, 0.3620662559321857, 0.3003013056578507, 30.035650630685733], [5, 0.367376947147961, 0.27150987612989624, 27.161319079883597], [6, 0.35628392702755446, 0.3210579176431202, 32.10784314405472], [7, 0.3587561559708998, 0.2979578172079009, 29.8016934114344], [8, 0.3550483623449815, 0.3542015400066957, 35.36096256684492]]}