{"train": [[0, 0.4979288660664655, 0.021029117239254352, 2.102587800369686]], "val": [[0, 0.48528675480003663, 0.028121861399397388, 2.807486631016043]]}{"train": [[0, 0.4979288660664655, 0.021029117239254352, 2.102587800369686], [1, 0.47633986910478027, 0.03905407487290094, 3.9048059149722736]], "val": [[0, 0.48528675480003663, 0.028121861399397388, 2.807486631016043], [1, 0.47376220023887045, 0.04653498493471711, 4.64572192513369]]}{"train": [[0, 0.48713698671030103, 0.03412417193036512, 3.4118915588416514]], "val": [[0, 0.47417940884669196, 0.041848008034817544, 4.177807486631016]]}{"train": [[0, 0.48713698671030103, 0.03412417193036512, 3.4118915588416514], [1, 0.46364500655925206, 0.05338160529964566, 5.337338262476894]], "val": [[0, 0.47417940884669196, 0.041848008034817544, 4.177807486631016], [1, 0.4722299759081978, 0.050552393706059594, 5.0467914438502675]]}