percentile,error_m
P50,16.035117710824576
P75,65.95547740711153
P90,142.8657586687587
P95,238.48510589170874
P99,369.32196634993267
