percentile,error_m
P50,0.9490979808844929
P75,23.869425765129808
P90,88.85275625319198
P95,169.40284502336368
P99,327.2168612119718
