percentile,error_m
P50,1.5275684546589128
P75,42.5426247697678
P90,107.61098921578595
P95,181.73296987287355
P99,349.67484386433546
