metric_group,threshold_m,success_rate,failure_rate,success_count,total
absolute,1.0,0.3851951096968682,0.6148048903031318,2300,5971
absolute,2.0,0.5211857310333278,0.47881426896667223,3112,5971
absolute,5.0,0.5613800033495226,0.43861999665047735,3352,5971
absolute,10.0,0.5870038519510969,0.41299614804890306,3505,5971
