metric_group,fraction_of_perturb_bound,threshold_m,success_rate,failure_rate,success_count,total
fraction_of_perturb_bound,0.03333333333333333,6.666666666666667,0.5704237146206665,0.42957628537933346,3406,5971
fraction_of_perturb_bound,0.06666666666666667,13.333333333333334,0.6020767040696701,0.39792329593032993,3595,5971
fraction_of_perturb_bound,0.16666666666666666,33.33333333333333,0.713615809747111,0.28638419025288897,4261,5971
fraction_of_perturb_bound,0.3333333333333333,66.66666666666666,0.8300117233294255,0.16998827667057448,4956,5971
