metric_group,threshold_m,success_rate,failure_rate,success_count,total,ref_threshold_m,scale_factor_target_over_ref
perturbation_equivalent,6.666666666666667,0.5704237146206665,0.42957628537933346,3406,5971,1.0,6.666666666666667
perturbation_equivalent,13.333333333333334,0.6020767040696701,0.39792329593032993,3595,5971,2.0,6.666666666666667
perturbation_equivalent,33.333333333333336,0.713615809747111,0.28638419025288897,4261,5971,5.0,6.666666666666667
perturbation_equivalent,66.66666666666667,0.8300117233294255,0.16998827667057448,4956,5971,10.0,6.666666666666667
